id,document_text
1,"ПРИКАЗ №101. О проведении внепланового ТО станков ЧПУ в цехе №3. В связи с отклонением точности обработки, ПРИКАЗЫВАЮ: 1. Главному инженеру организовать проверку геометрии станков до 15.10. 2. Начальнику цеха приостановить работы на участках №2 и №4."
2,"СЛУЖЕБНАЯ ЗАПИСКА. Директору по закупкам. От нач. литейного участка. Прошу рассмотреть закупку 5 тонн чугуна СЧ20. Текущие запасы на исходе, что ставит под угрозу выполнение плана по отливке корпусов для 'МашПром'."
3,ИСХОДЯЩЕЕ ПИСЬМО №45/02. Руководителю ООО 'МеталлСнаб'. Уведомляем о задержке оплаты по договору №12-89 от 01.09. в связи с техническим сбоем в банке. Оплата будет произведена до конца недели. Приносим извинения.
4,"ПРИКАЗ №112. Об утверждении графика отпусков на ремонтный период. Для обеспечения работы инструментального цеха при ремонте кровли, ПРИКАЗЫВАЮ: 1. Утвердить перенос отпусков мастеров согласно приложению №1."
5,СЛУЖЕБНАЯ ЗАПИСКА. Главному технологу. От инженера ОТК. При приемке партии валов (чертеж 405.12.01) выявлен брак по шероховатости. Прошу провести аудит техпроцесса шлиф-обработки и проверить состояние кругов.
6,ПРИКАЗ №115. О назначении ответственных за пожарную безопасность в сборочном цехе. Назначить мастера Иванова А.В. ответственным за противопостажрный режим в смене №2. Срок инструктажа персонала - до 20.10.
7,ИСХОДЯЩЕЕ ПИСЬМО. Директору АО 'ЭнергоСеть'. Просим согласовать временное отключение подстанции №4 25.10 с 10:00 до 14:00 для проведения плановой замены вводных кабелей в цехе металлоконструкций.
8,СЛУЖЕБНАЯ ЗАПИСКА. В отдел кадров. От нач. цеха №5. Прошу направить на курсы повышения квалификации сварщика 4 разряда Сидорова П.С. для получения допуска к работе на аргонно-дуговых установках нового типа.
9,"ПРИКАЗ №120. О вводе в эксплуатацию прессового оборудования. На основании акта приемки №44, ПРИКАЗЫВАЮ: 1. Ввести в эксплуатацию гидравлический пресс мод. П6330. 2. Закрепить оборудование за бригадой №3."
10,СЛУЖЕБНАЯ ЗАПИСКА. Нач. службы безопасности. От мастера склада. Сообщаю о неисправности системы видеонаблюдения на рампе №2. Прошу произвести ремонт камер для обеспечения контроля отгрузки готовой продукции.
11,"ПРИКАЗ №125. О проведении ежегодной инвентаризации ТМЦ. Создать комиссию в составе: бух. Иванова, завскладом Петров, инженер Сидоров. Срок проведения - с 01.11 по 10.11. Отчет предоставить до 15.11."
12,ИСХОДЯЩЕЕ ПИСЬМО. В адрес ТК 'Деловые Линии'. Направляем претензию по факту повреждения упаковки груза (накладная №7899). Требуем составить акт о порче имущества и компенсировать стоимость ремонта тары.
13,СЛУЖЕБНАЯ ЗАПИСКА. Главному механику. От нач. участка термообработки. Требуется срочная замена нагревательных элементов в печи №8. Текущая температура не достигает заданных параметров закалки деталей.
14,"ПРИКАЗ №130. О соблюдении масочного режима и санитарных норм. В целях профилактики ОРВИ среди персонала, ПРИКАЗЫВАЮ: 1. Обеспечить наличие антисептиков на проходной. 2. Мастерам контролировать состояние здоровья."
15,СЛУЖЕБНАЯ ЗАПИСКА. Директору по ИТ. От нач. ПДО. Прошу предоставить доступ к модулю 'Производство' в системе 1С сотруднику Смирновой Т.А. в связи с расширением должностных обязанностей.
16,"ПРИКАЗ №135. О премировании по итогам месяца. За выполнение сверхпланового задания по выпуску опорных плит, ПРИКАЗЫВАЮ: Начислить премию в размере 20% от оклада сотрудникам инструментального участка."
17,"ИСХОДЯЩЕЕ ПИСЬМО. Заводу 'СтальКонструкция'. Просим предоставить сертификаты качества на последнюю партию листового проката (30 мм, ст3сп). Без документов приемка материала на склад невозможна."
18,"СЛУЖЕБНАЯ ЗАПИСКА. Главному бухгалтеру. От нач. ОМТС. Прошу выделить денежные средства в размере 15 000 руб. на приобретение измерительного инструмента (микрометры, штангенциркули) для нужд цеха №1."
19,ПРИКАЗ №140. О сокращении рабочего дня в предпраздничный период. Установить продолжительность смены 03.11 на один час короче. Оплату труда произвести в полном объеме согласно табелю учета времени.
20,СЛУЖЕБНАЯ ЗАПИСКА. Нач. транспортного цеха. От нач. склада готовой продукции. Прошу подать 2 грузовых автомобиля грузоподъемностью 10 тонн к 09:00 завтра для отгрузки заказа в г. Екатеринбург.
21,"ПРИКАЗ №145. О проведении аттестации рабочих мест. В соответствии с требованиями ТК РФ, создать комиссию по оценке условий труда на участках гальваники. Срок завершения работ - до конца квартала."
22,ИСХОДЯЩЕЕ ПИСЬМО. ООО 'ПромТехСервис'. Направляем техническое задание на модернизацию системы управления токарно-карусельного станка. Просим рассчитать стоимость и сроки выполнения работ.
23,СЛУЖЕБНАЯ ЗАПИСКА. Директору по производству. От главного сварщика. Требуется закупка 500 кг сварочной проволоки Св-08Г2С. Остатки на складе не обеспечивают потребность цеха на следующую неделю.
24,ПРИКАЗ №150. О запрете курения на территории предприятия. Вне специально отведенных мест курение строго запрещено. Мастерам цехов обеспечить контроль. Нарушителей привлекать к дисциплинарной ответственности.
25,СЛУЖЕБНАЯ ЗАПИСКА. Начальнику ОКС. От нач. мех. цеха. В пролете Б обнаружена течь в кровле. Вода попадает на электрощитовую. Прошу принять срочные меры по ремонту во избежание короткого замыкания.
26,"ПРИКАЗ №155. О назначении комиссии по приемке металлолома. Назначить комиссию для оценки объема и категории лома, образовавшегося после демонтажа старой линии окраски. Председатель - зам. дир. по АХЧ."
27,ИСХОДЯЩЕЕ ПИСЬМО. Руководителю 'ТехноПарк'. Сообщаем о готовности к проведению пусконаладочных работ на вашей территории. Просим обеспечить доступ наших специалистов и наличие электроэнергии 380В.
28,СЛУЖЕБНАЯ ЗАПИСКА. Директору по персоналу. От мастера смены. Сообщаю о невыходе на работу слесаря Козлова В.В. без объяснения причин. Акт о прогуле составлен в присутствии двух свидетелей.
29,"ПРИКАЗ №160. О выдаче спецодежды. В связи с наступлением зимнего периода, ПРИКАЗЫВАЮ: Выдать утепленные куртки и обувь рабочим открытых площадок и неотапливаемых складов согласно нормам выдачи."
30,СЛУЖЕБНАЯ ЗАПИСКА. Главному энергетику. От нач. компрессорной станции. Произошел аварийный останов компрессора №2. Требуется замена подшипникового узла. Прошу выделить слесарную бригаду для ремонта.
31,"ПРИКАЗ №165. Об изменении режима работы столовой. Установить обеденный перерыв для цеха №2 с 12:00 до 12:45, для цеха №4 с 13:00 до 13:45 для устранения очередей и соблюдения графиков производства."
32,ИСХОДЯЩЕЕ ПИСЬМО. Поставщику подшипников 'Сфера-М'. Требуем заменить партию подшипников 6205 в количестве 100 шт. по причине несоответствия класса точности заявленному в паспорте изделия.
33,СЛУЖЕБНАЯ ЗАПИСКА. В отдел маркетинга. От конструкторского бюро. Направляем обновленные габаритные чертежи изделия 'Редуктор Р-200' для включения в новый каталог продукции предприятия.
34,ПРИКАЗ №170. О проведении учебной пожарной тревоги. 25.10 в 11:00 провести эвакуацию персонала из административного здания. Ответственным за эвакуацию назначить начальника службы охраны.
35,СЛУЖЕБНАЯ ЗАПИСКА. Финансовому директору. От нач. ПЭО. Прошу согласовать перераспределение бюджета со статьи 'Канцтовары' на статью 'Расходные материалы для оргтехники' в связи с повышенным расходом тонера.
36,ПРИКАЗ №175. О закреплении автотранспорта. Закрепить автомобиль ГАЗель (гос. номер А123АА) за транспортным отделом. Ответственным за техническое состояние назначить водителя-экспедитора Романова.
37,ИСХОДЯЩЕЕ ПИСЬМО. В мэрию города. Уведомляем о проведении субботника на прилегающей к заводу территории 30.10. Просим организовать своевременный вывоз собранного мусора городской службой ЖКХ.
38,СЛУЖЕБНАЯ ЗАПИСКА. Главному технологу. От нач. участка ЧПУ. Для обработки новой детали 'Фланец' требуется закупка твердосплавных пластин марки Sandvik. Прошу утвердить инструментальную карту.
39,"ПРИКАЗ №180. О поощрении за рационализаторское предложение. За внедрение приспособления для ускоренной центровки деталей, ПРИКАЗЫВАЮ: Выплатить инженеру Белову вознаграждение в размере 10 000 руб."
40,СЛУЖЕБНАЯ ЗАПИСКА. Начальнику охраны. От зав. складом металлов. Прошу разрешить выезд автомобиля КАМАЗ (В456ВВ) после 20:00 для доставки срочного груза на объект заказчика.
41,"ПРИКАЗ №185. О создании рабочей группы по внедрению бережливого производства. Включить в группу начальников цехов №1, 3, 5. Руководителем группы назначить зам. директора по развитию."
42,ИСХОДЯЩЕЕ ПИСЬМО. Инспекции по труду. Направляем отчет о выполнении предписания №56 от 10.08. Все выявленные нарушения в области освещенности рабочих мест на малярном участке устранены.
43,СЛУЖЕБНАЯ ЗАПИСКА. В юридический отдел. От отдела сбыта. Прошу подготовить дополнительное соглашение к договору с ООО 'Вектор' об изменении реквизитов нашей организации с 01.11.2023.
44,ПРИКАЗ №190. Об организации обучения по охране труда. Направить мастеров и руководителей подразделений на обучение в специализированный центр с 05.11 по 07.11 с отрывом от производства.
45,СЛУЖЕБНАЯ ЗАПИСКА. Главному механику. От мастера котельной. Сообщаю о необходимости промывки теплообменников перед началом отопительного сезона. Требуется закупка реагентов согласно спецификации.
46,ПРИКАЗ №195. О назначении инвентаризационной комиссии по ОС. Провести проверку наличия станков и оборудования в цехе №2. Срок предоставления ведомостей - до 20.11. Ответственный - гл. бухгалтер.
47,ИСХОДЯЩЕЕ ПИСЬМО. Директору ООО 'ТрансСервис'. Требуем предоставить график движения транспорта на ноябрь для согласования с планом отгрузки крупногабаритных металлоконструкций.
48,СЛУЖЕБНАЯ ЗАПИСКА. Директору по ИТ. От нач. бухгалтерии. Прошу обновить антивирусное ПО на компьютерах расчетного отдела. Зафиксированы попытки несанкционированного доступа к сети.
49,"ПРИКАЗ №200. О дисциплинарном взыскании. За нарушение правил эксплуатации грузоподъемного механизма, повлекшее повреждение груза, объявить выговор стропальщику Петрову Д.А. с лишением премии."
50,СЛУЖЕБНАЯ ЗАПИСКА. Нач. ОМТС. От нач. электроучастка. Прошу закупить 200 метров кабеля ВВГ 3х2.5 для монтажа новой линии освещения на складе №4. Проводка в аварийном состоянии.
51,"ПРИКАЗ №201. О назначении комиссии по проверке знаний ПТЭЭП. В целях обеспечения электробезопасности, ПРИКАЗЫВАЮ: 1. Провести аттестацию электротехнического персонала до 15.11. 2. Председатель комиссии — главный энергетик Соколов А.Д."
52,СЛУЖЕБНАЯ ЗАПИСКА. Директору по логистике. От нач. склада металлопроката. Сообщаю о поломке вилочного погрузчика (инв. №402). Требуется замена гидравлического насоса. Прошу согласовать срочный ремонт в сервисном центре.
53,"ИСХОДЯЩЕЕ ПИСЬМО №89/11. Руководителю ОАО 'РЖД'. Просим предоставить информацию о дислокации вагона №56894412 с сырьем (кокс), направленного в адрес нашего предприятия по договору поставки №312 от 05.10.2023."
54,"ПРИКАЗ №205. О внедрении системы контроля доступа (СКУД). В целях усиления пропускного режима на территории завода, ПРИКАЗЫВАЮ: 1. Ввести в эксплуатацию турникеты на южной проходной с 01.12. 2. Оформить пропуска нового образца."
55,СЛУЖЕБНАЯ ЗАПИСКА. Главному конструктору. От нач. производства. Прошу внести изменения в чертеж КМ-44 (рама основания). Текущая конструкция затрудняет доступ к крепежным узлам при сборке агрегата.
56,ПРИКАЗ №210. О проведении ежегодного медицинского осмотра. Направить персонал цехов №1 и №2 (согласно списку) в МСЧ-5 для прохождения медосмотра. Срок — с 10.11 по 20.11. Сохранить средний заработок на время обследования.
57,ИСХОДЯЩЕЕ ПИСЬМО. Директору ООО 'Инструмент-Плюс'. Сообщаем о готовности принять партию твердосплавных фрез (заказ №455). Просим осуществить доставку до ворот цеха №4 в четверг до 12:00.
58,СЛУЖЕБНАЯ ЗАПИСКА. В отдел снабжения. От мастера термического участка. Необходимо закупить 200 кг защитной пасты для предотвращения обезуглероживания сталей при нагреве в камерных печах.
59,ПРИКАЗ №215. О создании штаба по подготовке к паводковому периоду. Назначить ответственных за проверку дренажных систем и ливневой канализации на территории предприятия. Отчет о готовности — до 25.11.
60,СЛУЖЕБНАЯ ЗАПИСКА. Нач. отдела кадров. От нач. охраны. Довожу до сведения факт нахождения сотрудника Сбруева И.И. на рабочем месте в состоянии алкогольного опьянения. Акт медицинского освидетельствования прилагается.
61,ПРИКАЗ №220. О выводе из эксплуатации морально устаревшего оборудования. Списать с баланса токарно-винторезный станок мод. 1К62 (инв. №12). Комиссии организовать демонтаж и передачу узлов на склад запчастей.
62,ИСХОДЯЩЕЕ ПИСЬМО. В страховую компанию 'Альянс'. Направляем пакет документов по страховому случаю (повреждение цеха №2 градом). Просим провести оценку ущерба и назначить дату выезда эксперта.
63,СЛУЖЕБНАЯ ЗАПИСКА. Главному бухгалтеру. От нач. транспортного отдела. Прошу выделить денежные средства на оплату госпошлин за перерегистрацию трех единиц спецтехники в органах Гостехнадзора.
64,ПРИКАЗ №225. О соблюдении чистоты на рабочих местах. Всем мастерам обеспечить уборку стружки и проливов масла за 15 минут до окончания смены. Начальнику АХЧ организовать вывоз ТБО по графику.
65,СЛУЖЕБНАЯ ЗАПИСКА. Директору по развитию. От инженера по качеству. На текущем этапе сборки выявлено несоответствие допуска по соосности валов. Требуется приобретение лазерного центровщика для повышения точности.
66,ПРИКАЗ №230. О назначении дежурных по заводоуправлению в праздничные дни. Утвердить график дежурств руководящего состава на период с 04.11 по 06.11. Ответственность за связь и оперативность — дежурный диспетчер.
67,ИСХОДЯЩЕЕ ПИСЬМО. Руководителю 'ЭкоПроект'. Просим разработать программу производственного экологического контроля (ПЭК) на следующий календарный год с учетом ввода в строй новой линии гальваники.
68,СЛУЖЕБНАЯ ЗАПИСКА. Нач. ИТ-отдела. От гл. технолога. Требуется переустановка ПО 'AutoCAD' на рабочей станции №14 в связи с критической ошибкой лицензии. Прошу направить специалиста в течение дня.
69,ПРИКАЗ №235. О премировании за экономию энергоресурсов. По результатам месяца цех №5 показал снижение потребления электроэнергии на 8%. Премировать коллектив цеха в размере 5% от ФОТ.
70,СЛУЖЕБНАЯ ЗАПИСКА. Нач. службы ГО и ЧС. От мастера котельной. Требуется доукомплектовать щит противопожарного инвентаря: не хватает 2 огнетушителей ОП-5 и одного багра. Прошу обеспечить наличие.
71,"ПРИКАЗ №240. О проведении плановой аттестации ИТР. Утвердить список сотрудников, подлежащих аттестации в IV квартале. Разработать перечень вопросов по специализации до 15.11."
72,ИСХОДЯЩЕЕ ПИСЬМО. Директору ОАО 'Металлург'. Выражаем благодарность за оперативную поставку листа Х12МФ. Качество материала соответствует ГОСТ. Надеемся на дальнейшее долгосрочное сотрудничество.
73,СЛУЖЕБНАЯ ЗАПИСКА. Директору по производству. От нач. инструментального цеха. Из-за выхода из строя заточного станка образовалась очередь на переточку резцов. Прошу разрешить сверхурочную работу мастеру Иванову.
74,"ПРИКАЗ №245. Об утверждении норм расхода ветоши. В целях оптимизации затрат, установить лимит выдачи обтирочного материала: 0.5 кг на одного станочника в неделю. Контроль возложить на кладовщиков цехов."
75,СЛУЖЕБНАЯ ЗАПИСКА. Нач. юридического отдела. От менеджера по продажам. Прошу проверить надежность контрагента ООО 'ПромСнаб-М' перед заключением договора на поставку крупной партии метизов.
76,ПРИКАЗ №250. О проведении проверки заземляющих устройств. Главному энергетику организовать замеры сопротивления заземления во всех производственных корпусах. Срок исполнения — до конца текущего месяца.
77,"ИСХОДЯЩЕЕ ПИСЬМО. В редакцию газеты 'Вестник Машиностроения'. Просим опубликовать объявление о наборе сотрудников по специальностям: токарь 5 разряда, фрезеровщик, оператор станков с ЧПУ."
78,СЛУЖЕБНАЯ ЗАПИСКА. Главному инженеру. От нач. участка вентиляции. Сообщаю о критическом износе фильтров в системе очистки воздуха малярного цеха. Дальнейшая работа без замены угрожает здоровью персонала.
79,ПРИКАЗ №255. О назначении наставников для молодых специалистов. Закрепить выпускников колледжа за опытными мастерами. Установить надбавку за наставничество в размере 3000 рублей в месяц.
80,СЛУЖЕБНАЯ ЗАПИСКА. В отдел маркетинга. От нач. ОТК. Предлагаю добавить в паспорт изделия информацию о расширенной гарантии (24 месяца) при условии проведения ТО сертифицированными специалистами.
81,"ПРИКАЗ №260. О запрете использования личных электронагревательных приборов. В целях обеспечения пожарной безопасности, запретить эксплуатацию кипятильников и обогревателей в бытовых помещениях цехов."
82,ИСХОДЯЩЕЕ ПИСЬМО. Руководителю ГИБДД. Просим согласовать маршрут перевозки негабаритного груза (колонна ректификационная) по дорогам общего пользования 12.11.2023. Схема проезда прилагается.
83,СЛУЖЕБНАЯ ЗАПИСКА. Директору по персоналу. От нач. цеха №3. Прошу рассмотреть кандидатуру слесаря-сборщика Васильева А.П. на вакантную должность мастера смены в связи с наличием профильного образования.
84,ПРИКАЗ №265. Об организации дежурства сантехников в отопительный сезон. Установить круглосуточное дежурство слесарей-сантехников на узлах учета тепла. Ответственный — начальник службы эксплуатации зданий.
85,СЛУЖЕБНАЯ ЗАПИСКА. Нач. ОМТС. От нач. участка упаковки. Срочно требуется закупка 10 рулонов стрейч-пленки и 50 метров воздушно-пузырьковой пленки для подготовки продукции к отгрузке на экспорт.
86,ПРИКАЗ №270. О проведении экологического аудита. Создать комиссию для проверки условий хранения отходов 1 и 2 классов опасности. По результатам составить акт и план устранения замечаний.
87,ИСХОДЯЩЕЕ ПИСЬМО. Директору Банка 'Развитие'. Просим предоставить справку об оборотах по расчетному счету за последние 6 месяцев для участия в государственном тендере на поставку оборудования.
88,СЛУЖЕБНАЯ ЗАПИСКА. Нач. ПДО. От мастера мех. участка. Информирую о задержке изготовления валов из-за неисправности ленточнопильного станка. Срок сдачи заказа сдвигается на два рабочих дня.
89,"ПРИКАЗ №275. О введении в действие инструкции по работе с ГПМ. Всем крановщикам и стропальщикам пройти внеплановый инструктаж. Запретить подъем грузов, превышающих паспортную грузоподъемность крана."
90,"СЛУЖЕБНАЯ ЗАПИСКА. Главному механику. От механика цеха №1. Необходим ремонт направляющих станка 16К20. Наблюдается дробление при чистовом точении, что приводит к браку изделий."
91,ПРИКАЗ №280. О назначении комиссии по списанию спецодежды. Создать комиссию для оценки износа зимних комплектов одежды сотрудников склада. Пришедшие в негодность вещи утилизировать в установленном порядке.
92,"ИСХОДЯЩЕЕ ПИСЬМО. В адрес ООО 'СпецТехСервис'. Направляем заявку на проведение поверки контрольно-измерительных приборов (манометры, термопары) согласно прилагаемому графику."
93,СЛУЖЕБНАЯ ЗАПИСКА. Директору по закупкам. От нач. малярного участка. Прошу закупить 500 литров грунтовки ГФ-021 серого цвета. Текущий остаток не позволяет начать окраску крупной партии рам.
94,"ПРИКАЗ №285. О порядке выдачи ключей от производственных помещений. Утвердить перечень лиц, имеющих право получения ключей на вахте. Запретить передачу ключей третьим лицам без разрешения мастера."
95,СЛУЖЕБНАЯ ЗАПИСКА. Нач. службы охраны труда. От инженера-электрика. При осмотре щитовой №5 выявлено отсутствие диэлектрических ковриков. Прошу обеспечить рабочее место необходимыми средствами защиты.
96,ПРИКАЗ №290. О проведении конкурса 'Лучший по профессии'. Провести конкурс среди сварщиков завода 15.12. Победителям предусмотреть денежные премии и почетные грамоты от руководства.
97,ИСХОДЯЩЕЕ ПИСЬМО. Руководителю таможенного поста. Направляем пояснения по кодам ТН ВЭД для экспортируемого оборудования (дробильная установка). Техническое описание и чертежи прилагаются.
98,"СЛУЖЕБНАЯ ЗАПИСКА. Директору по ИТ. От нач. охраны. Прошу заменить мониторы на посту №1 (проходная). Изображение с камер стало нечетким, что мешает идентификации лиц и номеров машин."
99,"ПРИКАЗ №295. Об изменении состава инвентаризационной комиссии. В связи с болезнью бухгалтера Петровой, включить в состав комиссии по проверке склада готовой продукции экономиста Соколову О.В."
100,"СЛУЖЕБНАЯ ЗАПИСКА. Главному технологу. От нач. цеха №4. Предлагаю рассмотреть замену операции фрезерования на шлифование для детали 'Планка', что позволит сократить время обработки на 15%."
101,"ПРИКАЗ №301. О назначении комиссии по проверке готовности к зиме. В связи с завершением работ по утеплению контуров цехов, ПРИКАЗЫВАЮ: 1. Провести осмотр систем отопления и остекления до 01.11. 2. Составить акт готовности корпусов №1 и №2."
102,СЛУЖЕБНАЯ ЗАПИСКА. Директору по закупкам. От нач. инструментального склада. Сообщаю о критическом снижении запаса сверл диаметром 10.5 мм (Р6М5). Прошу срочно закупить партию в количестве 200 шт. для обеспечения работы участка ЧПУ.
103,ИСХОДЯЩЕЕ ПИСЬМО №112/05. Руководителю АО 'СпецМаш'. Уважаемые коллеги! Благодарим за предоставленные образцы смазочно-охлаждающей жидкости. По результатам испытаний СОЖ марки 'ТехноМол' рекомендована к применению в наших цехах.
104,"ПРИКАЗ №305. О проведении внеплановой аттестации сварщиков. В связи с участившимися случаями дефектов сварных швов на сосудах под давлением, ПРИКАЗЫВАЮ: 1. Провести аттестацию персонала до 10.11. 2. Отстранить от работ лиц, не сдавших зачет."
105,СЛУЖЕБНАЯ ЗАПИСКА. Главному технологу. От нач. ОТК. При контроле партии фланцев (заказ №77) выявлено несоблюдение допуска параллельности. Прошу проверить юстировку приспособления на станке мод. 6Р12.
106,ПРИКАЗ №310. О вводе в действие инструкции по обращению с отходами. Утвердить регламент сбора и хранения отработанного масла и ветоши. Ответственность за наличие промаркированной тары возложить на мастеров участков.
107,ИСХОДЯЩЕЕ ПИСЬМО. Директору ООО 'ПромВент'. Просим направить специалистов для проведения ежегодного технического обслуживания системы приточно-вытяжной вентиляции в гальваническом отделении 15.11.
108,СЛУЖЕБНАЯ ЗАПИСКА. В отдел кадров. От нач. цеха №4. Прошу подготовить документы на совмещение профессий для токаря Иванова С.П. (дополнительная работа — стропальщик) в связи с производственной необходимостью.
109,ПРИКАЗ №315. О назначении ответственных за эксплуатацию грузоподъемных кранов. Назначить инженера Сидорова А.А. ответственным за исправное состояние мостовых кранов в пролете №3. Провести проверку журналов ТО.
110,СЛУЖЕБНАЯ ЗАПИСКА. Нач. службы безопасности. От завскладом готовой продукции. Прошу усилить освещение на площадке отгрузки №4. В вечернее время видимость недостаточна для безопасной работы автокрана.
111,ПРИКАЗ №320. О проведении инвентаризации драгоценных металлов. Создать комиссию для проверки наличия напаек на резцах и контактов в пусковой аппаратуре. Срок — с 20.11 по 25.11. Председатель — зам. гл. инженера.
112,ИСХОДЯЩЕЕ ПИСЬМО. В адрес ТК 'Груз-Авто'. Требуем пояснений по факту срыва сроков подачи транспорта под погрузку металлоконструкций 25.10. Просим предоставить график движения машин на следующую неделю.
113,"СЛУЖЕБНАЯ ЗАПИСКА. Главному механику. От нач. участка термообработки. Необходима срочная замена термопары в печи П-45. Текущие показания прибора имеют погрешность более 20 градусов, что ведет к браку закалки."
114,"ПРИКАЗ №325. О соблюдении правил ношения СИЗ. Зафиксированы случаи работы без защитных очков на заточном участке. ПРИКАЗЫВАЮ: Лишать премии мастеров смен, допустивших нарушение персоналом правил ТБ."
115,СЛУЖЕБНАЯ ЗАПИСКА. Директору по ИТ. От нач. ПДО. Прошу установить на рабочее место экономиста Петровой О.В. специализированное ПО для расчета норм расхода материалов 'ТехноПро'.
116,"ПРИКАЗ №330. О премировании по итогам квартала. За досрочное выполнение государственного оборонного заказа, ПРИКАЗЫВАЮ: Выплатить единовременное вознаграждение сотрудникам сборочного цеха согласно списку."
117,ИСХОДЯЩЕЕ ПИСЬМО. Заводу 'Металлург-Снаб'. Просим предоставить сертификат на партию круга стального 40Х (диаметр 150 мм). Без указанного документа продукция не может быть запущена в производство.
118,СЛУЖЕБНАЯ ЗАПИСКА. Главному бухгалтеру. От нач. ОМТС. Прошу выделить средства на приобретение 100 литров антисептика и защитных масок для сотрудников проходной и административного корпуса.
119,"ПРИКАЗ №335. Об утверждении перечня должностей с ненормированным рабочим днем. В связи со спецификой производства, утвердить список сотрудников (ИТР), которым полагается дополнительный отпуск 3 дня."
120,СЛУЖЕБНАЯ ЗАПИСКА. Нач. транспортного цеха. От нач. склада металлов. Прошу выделить погрузчик грузоподъемностью 5 тонн для перемещения паллет с метизами из зоны выгрузки в зону хранения.
121,ПРИКАЗ №340. О проведении аттестации рабочих мест по условиям труда. Организовать замеры уровня шума и вибрации на кузнечно-прессовом участке. Срок исполнения — до конца текущего месяца. Ответственный — инж. по ОТ.
122,ИСХОДЯЩЕЕ ПИСЬМО. ООО 'Сервис-ЧПУ'. Направляем заявку на диагностику электронной платы управления станка Gildemeister. Оборудование выдает ошибку привода оси Z. Просим прислать сервисного инженера.
123,СЛУЖЕБНАЯ ЗАПИСКА. Директору по производству. От главного сварщика. Информирую о поломке сварочного полуавтомата Kemppi №3. Требуется закупка оригинальной горелки и подающих роликов.
124,"ПРИКАЗ №345. О запрете использования открытого огня. В связи с высокой пожароопасностью, запретить проведение сварочных работ вне специально оборудованных постов без оформления наряда-допуска."
125,"СЛУЖЕБНАЯ ЗАПИСКА. Начальнику ОКС. От нач. мех. цеха. Прошу устранить просадку пола под фундаментом карусельного станка. Наблюдается вибрация, влияющая на чистоту обработки крупных деталей."
126,ПРИКАЗ №350. О назначении комиссии по приемке лома цветных металлов. Сформировать комиссию для взвешивания и оценки качества стружки БрАЖ. Составить акт передачи на склад временного хранения.
127,ИСХОДЯЩЕЕ ПИСЬМО. Руководителю АО 'ЭнергоСбыт'. Сообщаем о замене трансформатора тока в ТП-2. Просим направить представителя для опломбировки приборов учета электроэнергии 12.11.
128,СЛУЖЕБНАЯ ЗАПИСКА. Директору по персоналу. От мастера смены. Докладываю о нарушении трудовой дисциплины слесарем Беловым Д.А. (опоздание на смену на 2 часа). Объяснительная записка прилагается.
129,"ПРИКАЗ №355. О выдаче теплых жилетов. В связи с понижением температуры в неотапливаемых складах, выдать комплекты утепленной спецодежды сотрудникам службы логистики согласно ведомости."
130,СЛУЖЕБНАЯ ЗАПИСКА. Главному энергетику. От нач. котельной. Прошу согласовать закупку соли для регенерации фильтров системы химводоочистки. Текущий запас — на 3 рабочих дня.
131,"ПРИКАЗ №360. Об установлении графика работы в выходные дни. Для завершения отгрузки заказа №500, привлечь к работе персонал склада 04.11. Оплату произвести в двойном размере согласно ТК РФ."
132,"ИСХОДЯЩЕЕ ПИСЬМО. Поставщику инструмента 'Резец-М'. Выставляем претензию по качеству партии пластин Т15К6. При работе наблюдаются сколы режущей кромки на режимах, указанных в паспорте."
133,СЛУЖЕБНАЯ ЗАПИСКА. В отдел маркетинга. От конструкторского отдела. Направляем ТТХ новой модели винтового конвейера для подготовки рекламных материалов к выставке 'Металлообработка-2023'.
134,ПРИКАЗ №365. О проведении тренировки по ГО и ЧС. 10.11 в 14:00 провести проверку системы оповещения завода. Сотрудникам действовать согласно инструкции при сигнале 'Внимание всем!'.
135,СЛУЖЕБНАЯ ЗАПИСКА. Финансовому директору. От нач. ОМТС. Прошу утвердить авансовый платеж за электроды марки МР-3 в сумме 45 000 руб. Срок поставки после оплаты — 2 рабочих дня.
136,ПРИКАЗ №370. О закреплении легкового автомобиля. Закрепить автомобиль Lada Largus за хозяйственной службой предприятия. Ответственным за путевые листы назначить механика гаража.
137,ИСХОДЯЩЕЕ ПИСЬМО. В администрацию района. Просим согласовать проведение работ по ремонту подъездных путей к заводу в период с 15.11 по 20.11. Схема организации движения прилагается.
138,СЛУЖЕБНАЯ ЗАПИСКА. Главному технологу. От нач. участка лазерной резки. Для раскроя листа толщиной 20 мм требуется закупка специализированных сопел. Прошу согласовать заявку в отдел снабжения.
139,"ПРИКАЗ №375. О поощрении за рационализацию. Инженеру-конструктору Ильину В.В. выплатить премию за разработку схемы экономии листового проката, снизившую процент отходов на 12%."
140,СЛУЖЕБНАЯ ЗАПИСКА. Начальнику охраны. От завскладом ГСМ. Прошу разрешить въезд бензовоза (номер Е999КХ) на территорию завода в ночное время для слива топлива в резервуары.
141,ПРИКАЗ №380. О создании комиссии по цифровизации производства. Назначить группу специалистов для внедрения системы мониторинга работы оборудования. Срок подготовки ТЗ — до 01.12.
142,ИСХОДЯЩЕЕ ПИСЬМО. Центру стандартизации и метрологии. Направляем на периодическую поверку набор концевых мер длины и нутромеры. Просим выставить счет на проведение работ.
143,СЛУЖЕБНАЯ ЗАПИСКА. В юридический отдел. От отдела сбыта. Прошу подготовить проект мирового соглашения с дебитором ООО 'МашСнаб' о реструктуризации долга на период до февраля 2024 года.
144,"ПРИКАЗ №385. Об организации дежурства в цехе №1. Для контроля за работой печей в выходные дни, установить график дежурств термистов. Контроль возложить на дежурного мастера смены."
145,СЛУЖЕБНАЯ ЗАПИСКА. Главному механику. От мастера участка компрессии. Сообщаю о повышенном шуме в работе осушителя воздуха. Требуется осмотр специалистами сервисной службы.
146,ПРИКАЗ №390. О назначении комиссии по проверке СИЗ органов дыхания. Проверить состояние противогазов и респираторов на участке химподготовки. Негодные к эксплуатации средства заменить.
147,ИСХОДЯЩЕЕ ПИСЬМО. Директору ООО 'Логистик-Групп'. Просим предоставить уточненные тарифы на перевозку грузов по направлению Москва — Новосибирск на зимний период 2023-2024 гг.
148,"СЛУЖЕБНАЯ ЗАПИСКА. Директору по ИТ. От нач. бухгалтерии. В связи с изменениями в законодательстве, необходимо обновить формы налоговой отчетности в базе 1С. Прошу выполнить работы до 05.11."
149,"ПРИКАЗ №395. О дисциплинарном взыскании за нарушение ТБ. За работу на сверлильном станке в перчатках, что категорически запрещено, объявить замечание оператору станков с ЧПУ Соколову."
150,СЛУЖЕБНАЯ ЗАПИСКА. Нач. ОМТС. От нач. электроцеха. Срочно требуется закупка контакторов на 100А для ремонта пульта управления кран-балкой. На складе запчасти данного типа отсутствуют.
151,"ПРИКАЗ №401. О создании комиссии по приемке фундаментов под новое оборудование. В связи с завершением строительных работ в пролете №5, ПРИКАЗЫВАЮ: 1. Проверить соответствие анкерных болтов чертежу 200-СБ. 2. Составить акт скрытых работ до 15.11."
152,СЛУЖЕБНАЯ ЗАПИСКА. Директору по качеству. От нач. лаборатории. Сообщаю о необходимости закупки стандартных образцов предприятия (СОП) для настройки ультразвуковых дефектоскопов. Текущие образцы имеют механические повреждения.
153,ИСХОДЯЩЕЕ ПИСЬМО №145/08. Руководителю ООО 'Сталь-Инвест'. Уведомляем вас о несоответствии химического состава поставленной партии круга ст.45 (плавка №789). Просим направить представителя для совместного отбора проб.
154,ПРИКАЗ №405. О назначении ответственных за содержание подъездных путей. Закрепить за участком благоустройства территорию от северных ворот до склада ГСМ. Обеспечить своевременную очистку от снега и посыпку песком.
155,СЛУЖЕБНАЯ ЗАПИСКА. Главному конструктору. От нач. цеха сборки. Прошу рассмотреть замену болтового соединения на сварное в узле крепления кронштейна (изделие 'Пресс-200'). Это сократит время сборки на 40 минут.
156,ПРИКАЗ №410. О проведении ежеквартального инструктажа по электробезопасности. Всем сотрудникам с группой допуска II и выше пройти проверку знаний правил эксплуатации электроустановок потребителей в срок до 20.11.
157,ИСХОДЯЩЕЕ ПИСЬМО. Директору АО 'ПромМашСервис'. Просим предоставить коммерческое предложение на капитальный ремонт гидравлической системы листогибочного пресса Amada. Техническое задание прилагается к письму.
158,СЛУЖЕБНАЯ ЗАПИСКА. В отдел снабжения. От мастера окрасочного участка. Требуется закупка 200 литров растворителя Р-646 и 50 комплектов фильтров для покрасочных камер. Остаток материалов — на 4 рабочих дня.
159,"ПРИКАЗ №415. О вводе режима экономии сжатого воздуха. В связи с высокой стоимостью электроэнергии, ПРИКАЗЫВАЮ: 1. Запретить обдувку спецодежды сжатым воздухом. 2. Мастерам устранить утечки в пневмолиниях до 10.11."
160,СЛУЖЕБНАЯ ЗАПИСКА. Нач. отдела кадров. От нач. цеха №2. Прошу поощрить токаря Петрова А.Б. за выполнение производственного плана на 125% в течение трех месяцев подряд без нарушения требований по качеству.
161,ПРИКАЗ №420. О проведении технического аудита станочного парка. Создать рабочую группу для оценки фактического износа оборудования старше 15 лет. По результатам подготовить предложения по модернизации или списанию.
162,ИСХОДЯЩЕЕ ПИСЬМО. В адрес страховой компании. Направляем уведомление о наступлении страхового случая: поломка главного двигателя мостового крана вследствие скачка напряжения. Просим прислать аварийного комиссара.
163,СЛУЖЕБНАЯ ЗАПИСКА. Главному бухгалтеру. От нач. транспортного отдела. Прошу согласовать оплату счетов за установку системы ГЛОНАСС на 5 единиц грузового автотранспорта в целях контроля расхода топлива.
164,"ПРИКАЗ №425. О порядке выдачи и учета измерительного инструмента. Закрепить за каждым станочником персональный набор калибров. При утрате или порче инструмента по вине работника, производить удержание стоимости."
165,СЛУЖЕБНАЯ ЗАПИСКА. Директору по ИТ. От нач. отдела сбыта. Прошу восстановить доступ к корпоративной почте менеджеру Сидоровой Е.В. после выхода из декретного отпуска и обновить базу клиентов в CRM.
166,ПРИКАЗ №430. О назначении ответственного за экологический контроль. Назначить инженера Иванову С.М. ответственной за ведение журналов учета выбросов в атмосферу и контроль за работой пылеулавливающих установок.
167,ИСХОДЯЩЕЕ ПИСЬМО. Руководителю проектного бюро 'Развитие'. Направляем замечания к проекту реконструкции литейного цеха. Требуется предусмотреть дополнительные проезды для вилочных погрузчиков в зоне заливки.
168,СЛУЖЕБНАЯ ЗАПИСКА. Нач. ИТ-отдела. От гл. энергетика. Требуется интеграция приборов учета электроэнергии в общую систему мониторинга предприятия. Прошу выделить специалиста для настройки протоколов связи.
169,ПРИКАЗ №435. О проведении конкурса на замещение вакансии мастера. Объявить внутренний конкурс на должность мастера участка термообработки. К участию допускаются сотрудники с профильным образованием.
170,"СЛУЖЕБНАЯ ЗАПИСКА. Нач. службы ГО и ЧС. От нач. склада металлов. Сообщаю о необходимости перезарядки 15 огнетушителей, расположенных на открытых площадках хранения. Срок эксплуатации истекает в текущем месяце."
171,ПРИКАЗ №440. О порядке проведения сварочных работ на высоте. Утвердить форму наряда-допуска для работ на высоте более 1.8 метра. Запретить работу без использования страховочных привязей и касок.
172,ИСХОДЯЩЕЕ ПИСЬМО. Директору завода 'Красный Октябрь'. Просим рассмотреть возможность изготовления по нашим чертежам заготовок валов из стали 40ХН. Объем первой партии — 50 единиц. Срок — декабрь 2023 г.
173,"СЛУЖЕБНАЯ ЗАПИСКА. Директору по производству. От нач. цеха №3. В связи с поломкой гильотины, прошу разрешить временное привлечение сторонней организации для рубки заготовок листа, чтобы не сорвать график."
174,ПРИКАЗ №445. О внедрении системы 5S на инструментальном участке. Всем сотрудникам участка произвести сортировку инструмента и материалов. Обозначить места хранения разметкой до 25.11. Контроль — мастер смены.
175,"СЛУЖЕБНАЯ ЗАПИСКА. Нач. юридического отдела. От нач. ОМТС. Прошу подготовить претензию поставщику спецодежды ООО 'Труд'. После первой стирки комплекты дали усадку, что делает их непригодными для использования."
176,"ПРИКАЗ №450. О назначении постоянно действующей комиссии по инвентаризации ОС. Утвердить состав комиссии на 2024 год. Проведение проверок осуществлять согласно графику, утвержденному главным бухгалтером."
177,ИСХОДЯЩЕЕ ПИСЬМО. В адрес городского водоканала. Направляем акт сверки показаний счетчиков холодной воды за октябрь. Просим выставить счет на оплату услуг водоснабжения и водоотведения.
178,СЛУЖЕБНАЯ ЗАПИСКА. Главному инженеру. От нач. участка вентиляции. Сообщаю о выходе из строя двигателя вытяжного вентилятора в цехе гальваники. Требуется замена агрегата мощностью 15 кВт.
179,ПРИКАЗ №455. О назначении комиссии по проверке санитарного состояния бытовок. Еженедельно по пятницам проводить осмотр раздевалок и душевых помещений. Результаты фиксировать в журнале осмотра.
180,"СЛУЖЕБНАЯ ЗАПИСКА. В отдел маркетинга. От нач. ОТК. Предлагаю разработать новый дизайн клейма качества для маркировки готовых изделий, поставляемых на экспорт, для улучшения визуальной идентификации бренда."
181,ПРИКАЗ №460. О запрете парковки личного транспорта на производственных проездах. Личные автомобили сотрудников размещать строго на выделенной парковке за территорией завода. Нарушителей лишать пропусков.
182,"ИСХОДЯЩЕЕ ПИСЬМО. Руководителю ГИБДД. Просим выдать разрешение на перевозку крупногабаритного станка по маршруту: ул. Заводская — Трасса М5. Габариты груза: ширина 3.5 м, высота 4.2 м."
183,СЛУЖЕБНАЯ ЗАПИСКА. Директору по персоналу. От мастера сборочного участка. Прошу перевести слесаря Иванова Р.О. на сдельную оплату труда в связи с переходом на серийный выпуск узлов 'Редуктор-М'.
184,ПРИКАЗ №465. Об организации дежурства электриков в период новогодних праздников. Утвердить график выхода персонала службы главного энергетика с 31.12 по 08.01 для обеспечения сохранности оборудования.
185,СЛУЖЕБНАЯ ЗАПИСКА. Нач. ОМТС. От нач. склада подшипников. Срочно требуется закупка консервационной смазки (солидол). Текущий запас не позволяет обеспечить защиту деталей при длительном хранении.
186,ПРИКАЗ №470. О проведении внутреннего аудита системы менеджмента качества. Проверить соблюдение процедур СМК в отделе закупок и ПДО. Срок предоставления отчета — до конца текущей недели.
187,ИСХОДЯЩЕЕ ПИСЬМО. Директору ООО 'Энерго-Контроль'. Просим провести тепловизионное обследование распределительных щитов цеха №1 для выявления мест перегрева контактов и предотвращения аварий.
188,"СЛУЖЕБНАЯ ЗАПИСКА. Нач. ПДО. От мастера мех. участка. Довожу до сведения, что из-за задержки поставки литья от ООО 'Металлург', срок готовности партии корпусов переносится на 3 рабочих дня."
189,ПРИКАЗ №475. О введении в эксплуатацию системы видеонаблюдения на складе ТМЦ. Назначить ответственным за хранение видеоархива начальника службы безопасности. Доступ к камерам ограничить.
190,СЛУЖЕБНАЯ ЗАПИСКА. Главному механику. От механика цеха №5. Требуется замена клиновых ремней на компрессорной установке №2. Наблюдается проскальзывание и потеря производительности системы.
191,"ПРИКАЗ №480. О назначении комиссии по проверке состояния подкрановых путей. Провести геодезическую съемку путей в пролете Б. В случае выявления отклонений выше нормы, составить план выправки."
192,ИСХОДЯЩЕЕ ПИСЬМО. В адрес ООО 'Снаб-Комплект'. Направляем рекламационный акт по факту поставки бракованных метизов (болт М20х80). Просим произвести замену товара в течение 48 часов.
193,СЛУЖЕБНАЯ ЗАПИСКА. Директору по закупкам. От нач. участка упаковки. Прошу закупить 500 деревянных поддонов стандартного размера (1200х800) для обеспечения отгрузки продукции в текущем месяце.
194,ПРИКАЗ №485. О порядке использования служебных мобильных телефонов. Утвердить лимиты расходов на мобильную связь для руководителей подразделений. Суммы сверх лимита удерживать из заработной платы.
195,СЛУЖЕБНАЯ ЗАПИСКА. Нач. службы охраны труда. От инженера-эколога. При обходе территории выявлен разлив масла у емкости №4. Прошу выделить персонал для засыпки места разлива сорбентом и утилизации.
196,ПРИКАЗ №490. О проведении Дня охраны труда на предприятии. 15.11 провести внеплановые проверки соблюдения правил ТБ во всех подразделениях. Мастерам подготовить отчеты о выявленных нарушениях.
197,ИСХОДЯЩЕЕ ПИСЬМО. Руководителю службы таможенного оформления. Просим предоставить информацию о перечне документов для подтверждения страны происхождения товара при экспорте в страны ЕАЭС.
198,СЛУЖЕБНАЯ ЗАПИСКА. Директору по ИТ. От нач. отдела кадров. Прошу приобрести 2 дополнительных лицензии на программу '1С:Зарплата и кадры' для новых сотрудников расчетной группы.
199,"ПРИКАЗ №495. О дисциплинарном взыскании за нарушение пропускного режима. За попытку выноса неучтенного инструмента со склада, объявить строгий выговор кладовщику Сергеевой М.И."
200,СЛУЖЕБНАЯ ЗАПИСКА. Нач. ОМТС. От нач. мех. цеха. Срочно требуется закупка 50 литров СОЖ для работы нового обрабатывающего центра. Без жидкости работа станка категорически запрещена.
201,"ПРИКАЗ №501. О назначении комиссии по проверке состояния грузоподъемных механизмов. В связи с плановым осмотром кран-балок в цехе №1, ПРИКАЗЫВАЮ: 1. Проверить состояние стальных канатов и крюковых подвесок. 2. Составить дефектную ведомость до 20.11."
202,СЛУЖЕБНАЯ ЗАПИСКА. Директору по качеству. От нач. метрологической службы. Сообщаю о необходимости сдачи на государственную поверку 15 микрометров и 10 штангенциркулей. Прошу согласовать оплату услуг ЦСМ согласно приложенному счету.
203,"ИСХОДЯЩЕЕ ПИСЬМО №188/09. Руководителю ООО 'Металл-Трейд'. Уведомляем о нарушении сроков поставки стального листа (ст3сп, 20 мм). Требуем осуществить отгрузку в течение 3-х рабочих дней, в противном случае будет начислена пени по договору."
204,ПРИКАЗ №505. О назначении ответственных за содержание первичных средств пожаротушения. Закрепить за мастерами участков обязанность по ежедневной проверке наличия пломб на огнетушителях. Результаты заносить в журнал осмотра.
205,СЛУЖЕБНАЯ ЗАПИСКА. Главному конструктору. От нач. инструментального цеха. Прошу согласовать изменение марки стали для изготовления спец. фрез с Р6M5 на Р18 в целях повышения стойкости инструмента при обработке титановых сплавов.
206,"ПРИКАЗ №510. О проведении инструктажа по работе с переносным электроинструментом. Всем рабочим, использующим УШМ и дрели, пройти проверку целостности изоляции и наличия заземляющего контакта. Срок исполнения — до 15.11."
207,ИСХОДЯЩЕЕ ПИСЬМО. Директору АО 'ТеплоСеть'. Просим предоставить акт сверки взаимных расчетов за потребленную тепловую энергию за III квартал 2023 года для закрытия отчетного периода в бухгалтерии.
208,СЛУЖЕБНАЯ ЗАПИСКА. В отдел снабжения. От начальника АХО. Требуется закупка 50 светодиодных ламп мощностью 40Вт для замены перегоревших светильников в административном корпусе и на проходной №1.
209,"ПРИКАЗ №515. О введении ограничений на въезд личного транспорта. В целях обеспечения беспрепятственного проезда пожарной техники, запретить стоянку личных авто ближе 10 метров от производственных зданий."
210,СЛУЖЕБНАЯ ЗАПИСКА. Нач. отдела кадров. От нач. сборочного цеха. Прошу начислить доплату слесарю Сидорову В.В. за расширение зоны обслуживания (замещение отсутствующего по болезни коллеги) в период с 01.11 по 10.11.
211,ПРИКАЗ №520. О проведении планово-предупредительного ремонта (ППР) компрессорной станции. Главному механику разработать график остановки компрессоров №1 и №2. Обеспечить наличие запасных фильтров и масла.
212,"ИСХОДЯЩЕЕ ПИСЬМО. В адрес страховой группы. Направляем документы, подтверждающие стоимость поврежденного при транспортировке оборудования (станок мод. 16К20). Просим ускорить принятие решения о выплате."
213,СЛУЖЕБНАЯ ЗАПИСКА. Главному бухгалтеру. От нач. транспортного отдела. Прошу выделить денежные средства на продление полисов ОСАГО для парка вилочных погрузчиков в количестве 4 единиц. Срок действия истекает 30.11.
214,ПРИКАЗ №525. О порядке хранения и выдачи ГСМ на участках. Ответственность за учет расхода индустриального масла И-20 возложить на кладовщиков цехов. Выдачу производить строго по лимитно-заборным картам.
215,СЛУЖЕБНАЯ ЗАПИСКА. Директору по ИТ. От нач. ПДО. Прошу организовать удаленный доступ к серверу 1С для инженера-программиста ЧПУ на время его нахождения в служебной командировке для оперативной правки кодов.
216,ПРИКАЗ №530. О назначении ответственного за обращение с опасными отходами. Назначить мастера гальванического участка Петрову А.И. ответственной за сбор и передачу на утилизацию отработанных электролитов.
217,ИСХОДЯЩЕЕ ПИСЬМО. Руководителю проектной организации 'СтройПроект'. Просим внести корректировки в проект вентиляции покрасочной камеры: необходимо увеличить мощность вытяжного вентилятора до 5000 м3/час.
218,СЛУЖЕБНАЯ ЗАПИСКА. Нач. ИТ-отдела. От нач. охраны. Требуется установка дополнительной видеокамеры на складе дорогостоящих материалов (участок цветных металлов). Прошу включить в план работ на текущую неделю.
219,"ПРИКАЗ №535. О поощрении сотрудников за безаварийную работу. За отсутствие нарушений требований промышленной безопасности и охраны труда в течение года, выплатить премию коллективу цеха №4 в размере 10% оклада."
220,"СЛУЖЕБНАЯ ЗАПИСКА. Нач. службы ГО и ЧС. От нач. котельной. Сообщаю о необходимости закупки 5 комплектов противогазов ГП-7 с фильтрующими коробками марки 'А' для персонала, работающего с химикатами."
221,ПРИКАЗ №540. О порядке проведения огневых работ на временных местах. Проведение сварки и резки вне цеха разрешать только после оформления письменного наряда-допуска и осмотра места инженером по ТБ.
222,ИСХОДЯЩЕЕ ПИСЬМО. Директору завода 'Электроприбор'. Просим рассмотреть возможность поставки партии электродвигателей мощностью 5.5 кВт (1500 об/мин) в количестве 10 штук для комплектации наших насосных установок.
223,СЛУЖЕБНАЯ ЗАПИСКА. Директору по производству. От главного энергетика. Информирую о нестабильной работе трансформатора ТМ-630. Наблюдается повышенный нагрев масла. Требуется привлечение лаборатории для анализа.
224,"ПРИКАЗ №545. О внедрении электронной системы учета инструмента. Начиная с 01.12, выдачу инструмента со склада производить только при наличии личного штрих-кода сотрудника. Кладовщикам пройти обучение работе в ПО."
225,СЛУЖЕБНАЯ ЗАПИСКА. Нач. юридического отдела. От менеджера по сбыту. Прошу проверить полномочия представителя ООО 'ТехноСнаб' на подписание договора поставки оборудования согласно приложенной доверенности.
226,ПРИКАЗ №550. О создании комиссии по оценке состояния зданий и сооружений. Провести визуальный осмотр ферм и колонн цеха №3 на предмет коррозии. Результаты оформить актом технического состояния до конца месяца.
227,ИСХОДЯЩЕЕ ПИСЬМО. В адрес регионального управления МЧС. Направляем план мероприятий по обеспечению пожарной безопасности на период проведения капитального ремонта кровли главного производственного корпуса.
228,СЛУЖЕБНАЯ ЗАПИСКА. Главному инженеру. От нач. ремонтного участка. Сообщаю о критическом износе станины токарного станка инв. №56. Требуется проведение шлифовки направляющих или полная замена оборудования.
229,ПРИКАЗ №555. О закреплении спецавтотранспорта. Закрепить автовышку АП-18 за службой главного энергетика. Ответственным за техническую исправность и ведение журнала осмотров назначить водителя Котова П.А.
230,"СЛУЖЕБНАЯ ЗАПИСКА. В отдел маркетинга. От нач. отдела продаж. Прошу подготовить презентационные материалы (каталоги, брошюры) по новой линейке гидравлических цилиндров для участия в региональной выставке."
231,ПРИКАЗ №560. Об усилении контроля за использованием средств индивидуальной защиты. Мастерам цехов проводить ежедневные пятиминутки по ТБ. Сотрудников без защитных касок и спецобуви к работе не допускать.
232,"ИСХОДЯЩЕЕ ПИСЬМО. Поставщику метизов 'Болт и Гайка'. Требуем заменить партию высокопрочных болтов М24 по причине отсутствия маркировки класса прочности на головках изделий, что противоречит ГОСТ."
233,СЛУЖЕБНАЯ ЗАПИСКА. Нач. ПДО. От нач. заготовительного участка. Информирую о поломке ленточнопильного станка Bomar. Требуется замена приводного шкива. Срок выполнения заказов по нарезке заготовок сдвигается на 2 дня.
234,ПРИКАЗ №565. О проведении тренировки по эвакуации при ЧС. 22.11 в 10:00 провести практическую отработку действий персонала при задымлении в малярном цехе. Проверить работоспособность системы оповещения.
235,СЛУЖЕБНАЯ ЗАПИСКА. Финансовому директору. От нач. ОМТС. Прошу согласовать предоплату в размере 100 000 руб. за партию сварочных электродов LB-52U. Данная марка необходима для сварки ответственных конструкций.
236,ПРИКАЗ №570. О назначении комиссии по приемке металлорежущего инструмента. Сформировать комиссию для проверки соответствия параметров поставленных фрез заявленным в паспорте. Председатель — гл. технолог.
237,ИСХОДЯЩЕЕ ПИСЬМО. В администрацию города. Уведомляем о проведении земляных работ по ремонту кабельной линии вдоль забора предприятия. Обязуемся восстановить дорожное покрытие до 15.12.2023.
238,СЛУЖЕБНАЯ ЗАПИСКА. Главному технологу. От нач. участка плазменной резки. Для оптимизации раскроя металла требуется обновление программного обеспечения 'NestFabric'. Прошу рассмотреть возможность закупки лицензии.
239,"ПРИКАЗ №575. О награждении почетными грамотами. За многолетний добросовестный труд и в связи с 50-летием со дня основания завода, наградить ветеранов производства (список прилагается) и выплатить премию."
240,"СЛУЖЕБНАЯ ЗАПИСКА. Начальнику охраны. От зав. складом ГСМ. Прошу организовать досмотр пустого автотранспорта, выезжающего с территории склада, на предмет скрытого вывоза остатков горюче-смазочных материалов."
241,ПРИКАЗ №580. О создании комиссии по аттестации рабочих на знание основ бережливого производства. Проверить уровень освоения инструментов 5S и SMED. По результатам составить план обучения на следующий год.
242,ИСХОДЯЩЕЕ ПИСЬМО. Директору ООО 'Транс-Авто'. Просим предоставить расчет стоимости доставки негабаритного груза (редуктор массой 12 тонн) по маршруту Челябинск — Санкт-Петербург в декабре.
243,"СЛУЖЕБНАЯ ЗАПИСКА. В юридический отдел. От отдела сбыта. Прошу подготовить мотивированный отказ на претензию ООО 'МашПром' относительно сроков гарантийного ремонта, так как поломка вызвана нарушением условий эксплуатации."
244,"ПРИКАЗ №585. О порядке выдачи спецодежды сверх норм. В исключительных случаях (порча при аварии) разрешить выдачу новых комплектов СИЗ на основании акта, утвержденного начальником цеха и инженером по ОТ."
245,СЛУЖЕБНАЯ ЗАПИСКА. Главному механику. От мастера цеха №2. Сообщаю о необходимости замены подшипников в главном приводе вертикально-фрезерного станка мод. 6Т13. Наблюдается посторонний шум и вибрация.
246,ПРИКАЗ №590. О назначении комиссии по проверке состояния лестниц и стремянок. Провести испытания переносных лестниц статическим грузом. Не прошедшее испытания оборудование изъять из эксплуатации и утилизировать.
247,ИСХОДЯЩЕЕ ПИСЬМО. Директору АО 'ВторЧерМет'. Сообщаем о готовности к отгрузке 20 тонн стальной стружки (категория 16А). Просим подать транспорт под погрузку 25.11 к 09:00 к весовой платформе.
248,СЛУЖЕБНАЯ ЗАПИСКА. Директору по ИТ. От нач. бухгалтерии. Прошу настроить автоматическую выгрузку отчетов по движению ТМЦ из базы склада в базу бухгалтерии для оперативного контроля остатков.
249,"ПРИКАЗ №595. О дисциплинарном взыскании за курение в неположенном месте. За нарушение правил пожарной безопасности в зоне хранения древесины, объявить замечание подсобному рабочему Кузнецову А.С."
250,СЛУЖЕБНАЯ ЗАПИСКА. Нач. ОМТС. От нач. электроучастка. Срочно требуется закупка 100 метров гибкого кабеля КГ 3х4 для подключения передвижных сварочных постов в строящемся пролете №6.
251,"ПРИКАЗ №601. О вводе в эксплуатацию токарно-фрезерного обрабатывающего центра HAAS. В связи с успешным завершением пусконаладочных работ, ПРИКАЗЫВАЮ: 1. Поставить оборудование на баланс цеха №3. 2. Закрепить операторов 5 разряда Иванова и Петрова."
252,СЛУЖЕБНАЯ ЗАПИСКА. Директору по качеству. От нач. ЦЗЛ. Сообщаю о необходимости прохождения периодической аккредитации химической лаборатории. Прошу согласовать договор с органом по сертификации и оплату госпошлины.
253,ИСХОДЯЩЕЕ ПИСЬМО №215/10. Руководителю ООО 'Инструментальщик'. Выражаем претензию по качеству партии сверл с коническим хвостовиком (ГОСТ 10903). При сверлении стали 45 наблюдается быстрый износ режущей кромки. Требуем замены.
254,"ПРИКАЗ №605. О назначении ответственных за состояние лестничных маршей и площадок. В целях предупреждения производственного травматизма, ПРИКАЗЫВАЮ: Назначить коменданта корпуса №2 ответственным за очистку ступеней от наледи."
255,СЛУЖЕБНАЯ ЗАПИСКА. Главному конструктору. От нач. ОГТ. Прошу рассмотреть возможность замены литых заготовок корпуса редуктора на сварные из листового проката для сокращения цикла производства изделия на 10 рабочих дней.
256,"ПРИКАЗ №610. О проведении внеплановой проверки грузозахватных приспособлений. В связи с аварией на аналогичном предприятии, проверить все стропы и траверсы в цехе №5. Немаркированные и изношенные изделия изъять из работы."
257,ИСХОДЯЩЕЕ ПИСЬМО. Директору АО 'Водоканал'. Просим согласовать проект локальных очистных сооружений для гальванического участка. Техническая документация и расчеты объемов стоков прилагаются к письму.
258,СЛУЖЕБНАЯ ЗАПИСКА. В отдел снабжения. От нач. АХО. Требуется закупка 200 литров жидкого мыла и 100 упаковок бумажных полотенец для обеспечения санитарных норм в бытовых помещениях производственных цехов.
259,"ПРИКАЗ №615. О режиме работы в условиях аномально низких температур. При температуре в цехах ниже +15 градусов, ПРИКАЗЫВАЮ: Установить дополнительные перерывы для обогрева персонала (10 минут каждый час) в специально отведенных местах."
260,СЛУЖЕБНАЯ ЗАПИСКА. Нач. отдела кадров. От нач. литейного участка. Прошу перевести землевара Смирнова Т.К. на вакантную должность формовщика в связи с успешным прохождением им курсов переподготовки.
261,ПРИКАЗ №620. О создании комиссии по списанию инструмента с истекшим сроком хранения. Проверить склад №4 на предмет наличия абразивных кругов с истекшим сроком годности связки. Составить акт об утилизации до 30.11.
262,ИСХОДЯЩЕЕ ПИСЬМО. В адрес ТК 'ПЭК'. Направляем претензию по факту недостачи одного ящика с комплектующими (накладная №456/12). Требуем провести внутреннее расследование и компенсировать стоимость груза.
263,СЛУЖЕБНАЯ ЗАПИСКА. Главному бухгалтеру. От нач. ОМТС. Прошу выделить денежные средства на закупку 50 кг электродов ЦЛ-11 для сварки коррозионностойких сталей. Наличие на складе — нулевое.
264,ПРИКАЗ №625. О порядке использования средств защиты органов слуха. На участках кузнечно-прессового оборудования использование противошумных наушников или берушей обязательно. Мастерам обеспечить выдачу СИЗ.
265,СЛУЖЕБНАЯ ЗАПИСКА. Директору по ИТ. От нач. ПДО. Прошу предоставить права редактирования справочника 'Номенклатура' в системе 1С ведущему инженеру Соколовой О.П. для актуализации данных по заготовкам.
266,ПРИКАЗ №630. О назначении ответственного за исправное состояние газового хозяйства котельной. Назначить старшего оператора Михайлова П.С. ответственным за ежедневный осмотр газорегуляторной установки.
267,ИСХОДЯЩЕЕ ПИСЬМО. Руководителю ООО 'Эко-Мониторинг'. Просим провести замеры концентрации вредных веществ в воздухе рабочей зоны малярного цеха после монтажа новой системы фильтрации для подтверждения ее эффективности.
268,СЛУЖЕБНАЯ ЗАПИСКА. Нач. ИТ-отдела. От гл. механика. Требуется установка антивирусного ПО на промышленный компьютер стойки ЧПУ станка Doosan. Зафиксированы сбои при загрузке управляющих программ через USB.
269,ПРИКАЗ №635. О премировании за рационализаторское предложение по экономии СОЖ. Инженеру-технологу Белову А.В. выплатить премию в размере 15 000 рублей за внедрение системы сепарации и очистки эмульсии.
270,СЛУЖЕБНАЯ ЗАПИСКА. Нач. службы безопасности. От мастера склада металлопроката. Прошу разрешить допуск сотрудников подрядной организации 'Ремонт-Строй' на территорию склада в субботу 18.11 для ремонта кровли.
271,ПРИКАЗ №640. О мерах по борьбе с грызунами на продовольственном складе и в столовой. Начальнику АХЧ организовать проведение дератизации силами специализированной организации. Срок — до 25.11.
272,ИСХОДЯЩЕЕ ПИСЬМО. Директору ОАО 'Металлург-Маш'. Просим предоставить чертежи быстроизнашивающихся деталей для дробилки ДМ-100 в целях их самостоятельного изготовления на нашем предприятии.
273,"СЛУЖЕБНАЯ ЗАПИСКА. Директору по производству. От нач. термического участка. В связи с выходом из строя трансформатора закалочного агрегата ТВЧ, прошу разрешить сверхурочную работу электрикам для его замены."
274,ПРИКАЗ №645. Об утверждении регламента входного контроля материалов. Всем кладовщикам принимать металл только при наличии сертификатов качества и после визуального осмотра инженером ОТК на предмет коррозии.
275,"СЛУЖЕБНАЯ ЗАПИСКА. Нач. юридического отдела. От менеджера по закупкам. Прошу подготовить проект претензии к поставщику подшипников 'Сфера'. Из 100 поставленных единиц 20 имеют люфт, превышающий норму."
276,ПРИКАЗ №650. О назначении комиссии по проверке знаний норм и правил работы в электроустановках. Провести аттестацию персонала электроцеха на IV и V группы допуска. Председатель — главный энергетик.
277,ИСХОДЯЩЕЕ ПИСЬМО. В адрес управления охраны окружающей среды. Направляем ежеквартальный отчет по форме 2-ТП (отходы) за III квартал 2023 года. Нарушений лимитов размещения отходов не зафиксировано.
278,СЛУЖЕБНАЯ ЗАПИСКА. Главному инженеру. От нач. участка гидравлики. Сообщаю о протечке масла в гидросистеме пресса П6330. Требуется закупка набора уплотнений и 200 литров масла марки ИГП-38.
279,ПРИКАЗ №655. О назначении дежурных по предприятию на период выходных дней. Утвердить график дежурств ответственных лиц из числа ИТР для оперативного решения производственных вопросов с 04.11 по 06.11.
280,СЛУЖЕБНАЯ ЗАПИСКА. В отдел маркетинга. От нач. КБ. Направляем обновленную 3D-модель изделия 'Агрегат А-500' для использования при создании интерактивной инструкции по эксплуатации для заказчика.
281,ПРИКАЗ №660. О запрете загромождения эвакуационных путей. Запретить складирование готовой продукции и тары в коридорах и на лестничных клетках. Начальнику охраны проводить ежедневный контроль проходов.
282,ИСХОДЯЩЕЕ ПИСЬМО. Руководителю ГИБДД области. Просим согласовать сопровождение автомобилем ДПС колонны с негабаритным оборудованием (длина 25 метров) по маршруту завод — порт 30.11.
283,СЛУЖЕБНАЯ ЗАПИСКА. Директору по персоналу. От мастера участка ЧПУ. Прошу присвоить оператору Волкову С.А. 4 квалификационный разряд в связи с успешным освоением многоосевой обработки деталей.
284,ПРИКАЗ №665. Об организации системы сбора отработанных ртутьсодержащих ламп. Назначить кладовщика АХО ответственным за прием ламп от подразделений и их хранение в специальном герметичном контейнере.
285,СЛУЖЕБНАЯ ЗАПИСКА. Нач. ОМТС. От нач. инструментального склада. Срочно требуется закупка 10 кг алмазной пасты различной зернистости для финишной доводки пресс-форм на участке полировки.
286,ПРИКАЗ №670. О проведении внутреннего аудита склада ТМЦ. Проверить соответствие фактических остатков цветного металла данным в системе 1С. Результаты инвентаризации предоставить в бухгалтерию до 20.11.
287,ИСХОДЯЩЕЕ ПИСЬМО. Директору ООО 'Энерго-Сервис'. Направляем заявку на проведение тепловизионного обследования контактов на ГРЩ цеха №2 для предотвращения аварийных ситуаций в зимний период.
288,СЛУЖЕБНАЯ ЗАПИСКА. Нач. ПДО. От нач. цеха №1. Информирую о задержке выпуска партии валов из-за отсутствия заготовок ст.40Х на центральном складе. Прошу скорректировать график отгрузки на неделю.
289,"ПРИКАЗ №675. О введении в действие инструкции по технике безопасности при работе на высоте. Всем сотрудникам, привлекаемым к ремонту кровли и обслуживанию кран-балок, пройти обучение и получить допуск."
290,"СЛУЖЕБНАЯ ЗАПИСКА. Главному механику. От механика участка сборки. Требуется ремонт пневмолинии в пролете №2. Наблюдается падение давления, что мешает нормальной работе пневмогайковертов."
291,ПРИКАЗ №680. О назначении комиссии по проверке состояния подкрановых балок. Провести визуальный и ультразвуковой контроль сварных швов балок в цехе №4. Ответственный — инженер по промбезопасности.
292,ИСХОДЯЩЕЕ ПИСЬМО. В адрес ООО 'Металл-Снаб'. Направляем акт о расхождении по количеству при приемке арматуры (накладная №889). Недостача составляет 450 кг. Просим допоставить товар или вернуть средства.
293,СЛУЖЕБНАЯ ЗАПИСКА. Директору по закупкам. От нач. участка термообработки. Прошу закупить 5 тонн закалочного масла. Текущий объем в баках не обеспечивает полное погружение крупногабаритных деталей.
294,ПРИКАЗ №685. О порядке выдачи служебных ноутбуков. Закрепить переносные компьютеры за сотрудниками проектного отдела согласно списку. Ответственность за сохранность данных возложить на пользователей.
295,СЛУЖЕБНАЯ ЗАПИСКА. Нач. службы охраны труда. От инженера по ПБ. При проверке выявлено отсутствие заземления у заточного станка в инструментальном цехе. Прошу приостановить работу оборудования до устранения.
296,ПРИКАЗ №690. О проведении смотра-конкурса на лучший участок по культуре производства. Победителей наградить ценными призами и дополнительными днями к отпуску. Срок проведения конкурса — декабрь.
297,"ИСХОДЯЩЕЕ ПИСЬМО. Руководителю экспортного отдела ТПП. Просим выдать сертификат происхождения товара формы СТ-1 на партию станков СТ-500, отгружаемую в республику Беларусь."
298,СЛУЖЕБНАЯ ЗАПИСКА. Директору по ИТ. От нач. бухгалтерии. Прошу настроить автоматическую рассылку расчетных листков на электронные почты сотрудников завода с 01.01.2024 года.
299,ПРИКАЗ №695. О дисциплинарном взыскании за работу без защитных очков. Оператору сверлильного станка Петрову Д.А. объявить выговор. При повторном нарушении — отстранить от работы без сохранения оплаты.
300,СЛУЖЕБНАЯ ЗАПИСКА. Нач. ОМТС. От нач. электроучастка. Прошу закупить 50 штук автоматических выключателей на 16А и 25А для плановой замены в распределительных щитах бытовых помещений цехов.
301,ПРИКАЗ №701. О назначении комиссии по проверке готовности компрессорного оборудования к зимнему периоду. ПРИКАЗЫВАЮ: 1. Проверить систему осушки сжатого воздуха. 2. Провести ревизию запорной арматуры на магистральном трубопроводе до 15.11.
302,СЛУЖЕБНАЯ ЗАПИСКА. Директору по качеству. От нач. метрологической службы. Информирую о необходимости внеплановой поверки лазерного трекера API в связи с падением прибора при монтаже оснастки. Прошу согласовать выезд специалиста.
303,ИСХОДЯЩЕЕ ПИСЬМО №245/11. Руководителю АО 'СпецСплав'. Просим подтвердить возможность поставки 2 тонн поковки из стали 34ХН3МА с проведением УЗК по 1 классу точности. Просим направить ценовое предложение.
304,ПРИКАЗ №705. О назначении ответственных за погрузочно-разгрузочные работы на открытой площадке №2. Назначить мастера склада Иванова И.И. ответственным за безопасное перемещение металлоконструкций автокраном.
305,СЛУЖЕБНАЯ ЗАПИСКА. Главному конструктору. От нач. участка сборки. При сборке изделия 'Редуктор-М' выявлено неудобство затяжки внутренних болтов М12. Прошу рассмотреть возможность увеличения технологического окна в корпусе.
306,ПРИКАЗ №710. О проведении ежегодного инструктажа по правилам работы с баллонами технических газов. Всем газосварщикам и резчикам пройти проверку знаний по эксплуатации кислородных и ацетиленовых баллонов до 25.11.
307,ИСХОДЯЩЕЕ ПИСЬМО. Директору ООО 'ТехноПарк'. Сообщаем о готовности площадки для монтажа станка лазерной резки. Подвод электроэнергии и сжатого воздуха выполнен согласно ТЗ. Ждем прибытия ваших наладчиков 20.11.
308,"СЛУЖЕБНАЯ ЗАПИСКА. В отдел снабжения. От нач. ОТК. Для проведения капиллярного контроля лопаток турбин требуется закупка набора дефектоскопических материалов (пенетрант, проявитель, очиститель) марки Sherwin."
309,ПРИКАЗ №715. О введении в действие регламента технического обслуживания мостовых кранов. Утвердить график ежемесячных осмотров электрооборудования и подкрановых путей. Контроль возложить на гл. механика.
310,СЛУЖЕБНАЯ ЗАПИСКА. Нач. отдела кадров. От нач. цеха №5. Прошу направить на внеплановую проверку знаний ПТЭЭП электромонтера Петрова А.А. в связи с допущенным им коротким замыканием при ремонте щита.
311,"ПРИКАЗ №720. О создании комиссии по приемке опытного образца насосной установки НС-40. Включить в комиссию гл. конструктора, гл. технолога и нач. ОТК. Испытания провести на стенде №4 в период с 10.11 по 12.11."
312,ИСХОДЯЩЕЕ ПИСЬМО. В адрес ТК 'Логистик'. Требуем предоставить объяснения по факту повреждения лакокрасочного покрытия станины пресса при перевозке (акт №88). Просим рассмотреть вопрос компенсации затрат на перекраску.
313,СЛУЖЕБНАЯ ЗАПИСКА. Главному бухгалтеру. От нач. ОМТС. Прошу выделить денежные средства на оплату счета №456 за 500 кг графитированных электродов для дуговой печи. Поставка необходима для выполнения плана литья.
314,"ПРИКАЗ №725. О порядке выдачи защитных кремов и очищающих паст. В связи с работой с агрессивными СОЖ, выдать персоналу мех. участков средства защиты кожи рук согласно утвержденным нормам на IV квартал."
315,СЛУЖЕБНАЯ ЗАПИСКА. Директору по ИТ. От нач. ПЭО. Прошу предоставить доступ к папке 'Тендеры' на сервере предприятия ведущему экономисту Смирновой для подготовки документов на участие в закупке АО 'Газпром'.
316,"ПРИКАЗ №730. О назначении ответственного за исправное состояние сосудов, работающих под давлением. Назначить инженера-теплотехника Волкова М.Ю. ответственным за эксплуатацию ресиверов сжатого воздуха."
317,ИСХОДЯЩЕЕ ПИСЬМО. Руководителю ООО 'Эко-Профи'. Просим разработать паспорт отходов на 'шлам гальванический' в связи с изменением технологии очистки стоков и требований природоохранного законодательства.
318,СЛУЖЕБНАЯ ЗАПИСКА. Нач. ИТ-отдела. От нач. охраны. Прошу заменить неисправный источник бесперебойного питания (ИБП) на центральном сервере видеонаблюдения. Существует риск потери данных при скачках напряжения.
319,ПРИКАЗ №735. О премировании за высокое качество продукции. По итогам месяца на участке ЧПУ зафиксировано 0% брака. ПРИКАЗЫВАЮ: Выплатить персоналу участка премию в размере 5000 рублей каждому.
320,СЛУЖЕБНАЯ ЗАПИСКА. Нач. службы ГО и ЧС. От завскладом ГСМ. Сообщаю о необходимости замены песка в пожарных ящиках на территории склада и проверки целостности пожарных рукавов в шкафах №1-3.
321,"ПРИКАЗ №740. О порядке проведения работ в замкнутых пространствах. Запретить вход в резервуары и колодцы без оформления наряда-допуска, проверки загазованности и наличия страхующего лица снаружи."
322,ИСХОДЯЩЕЕ ПИСЬМО. Директору завода 'Метиз-Пром'. Просим изготовить партию нестандартных болтов с мелким шагом резьбы по чертежу 405.00.12. Объем — 2000 штук. Материал — сталь 40Х с термообработкой.
323,"СЛУЖЕБНАЯ ЗАПИСКА. Директору по производству. От гл. энергетика. В связи с аварией на городской подстанции, прошу перевести цех №1 на питание от резервного дизель-генератора для завершения цикла плавки."
324,"ПРИКАЗ №745. О внедрении системы маркировки заготовок QR-кодами. Начиная с 01.12, все детали, выходящие из заготовительного участка, должны иметь этикетку с кодом для отслеживания в системе ERP."
325,СЛУЖЕБНАЯ ЗАПИСКА. Нач. юридического отдела. От нач. отдела продаж. Прошу проанализировать протокол разногласий к договору поставки №15-К от ООО 'МашСервис' в части условий оплаты и сроков приемки.
326,"ПРИКАЗ №750. О назначении комиссии по проверке состояния подкрановых путей мостовых кранов. Провести геодезическую съемку путей в цехе №2. В случае выявления отклонений, составить график рихтовки."
327,"ИСХОДЯЩЕЕ ПИСЬМО. В адрес регионального МЧС. Направляем график проведения огневых работ на объекте 'Новый малярный цех'. Все меры противопожарной безопасности обеспечены, расчет ПАК на месте."
328,СЛУЖЕБНАЯ ЗАПИСКА. Главному инженеру. От нач. участка гидравлики. Сообщаю о необходимости капитального ремонта гидростанции пресса ПА-400. Наблюдается критический износ шестеренного насоса.
329,ПРИКАЗ №755. О закреплении мобильной подъемной платформы. Закрепить ножничный подъемник Haulotte за службой АХЧ. Ответственным за проведение ежесменного ТО назначить механика Смирнова.
330,СЛУЖЕБНАЯ ЗАПИСКА. В отдел маркетинга. От нач. отдела сбыта. Прошу подготовить список конкурентных преимуществ нашей новой дробилки Д-500 для включения в коммерческое предложение крупному заказчику.
331,ПРИКАЗ №760. Об усилении контроля за использованием СИЗ органов дыхания в литейном цехе. Мастерам смен обеспечить обязательное ношение респираторов персоналом при проведении операций выбивки опок.
332,ИСХОДЯЩЕЕ ПИСЬМО. Поставщику подшипников 'NSK-Сервис'. Сообщаем о выявлении скрытого дефекта в партии роликовых подшипников (заказ №99). Требуем замены всей партии или возврата денежных средств.
333,СЛУЖЕБНАЯ ЗАПИСКА. Нач. ПДО. От нач. участка мехобработки. Информирую о задержке изготовления валов из-за поломки шлифовального станка. Срок сдачи заказа №123 переносится на 15.11.
334,ПРИКАЗ №765. О проведении тренировки по действиям при разливе химикатов. 18.11 в 14:00 провести практическое занятие на участке гальваники. Отработать навыки использования сорбентов и нейтрализаторов.
335,СЛУЖЕБНАЯ ЗАПИСКА. Финансовому директору. От нач. ОМТС. Прошу согласовать закупку 100 литров концентрата СОЖ Blaser. Использование более дешевых аналогов ведет к коррозии направляющих станков ЧПУ.
336,ПРИКАЗ №770. О назначении комиссии по проверке состояния лестниц и стремянок. Проверить весь инвентарь на наличие трещин и целостность ступеней. Немаркированные лестницы изъять со складов.
337,ИСХОДЯЩЕЕ ПИСЬМО. В администрацию города. Просим выдать разрешение на временное складирование строительного мусора на прилегающей территории в связи с ремонтом фасада производственного корпуса.
338,СЛУЖЕБНАЯ ЗАПИСКА. Главному технологу. От нач. мех. цеха. Для обработки закаленной стали 60Г требуется закупка эльборовых резцов. Прошу рассмотреть заявку и включить инструмент в план закупок.
339,ПРИКАЗ №775. О награждении сотрудников за участие в выставке. Выплатить премию специалистам конструкторского отдела (согласно списку) за успешную презентацию новой продукции на форуме 'ПромЭкспо'.
340,СЛУЖЕБНАЯ ЗАПИСКА. Начальнику охраны. От нач. склада готовой продукции. Прошу разрешить выезд за территорию завода автомобиля ГАЗель (номер А100АА) после 19:00 для доставки срочного заказа.
341,ПРИКАЗ №780. О создании рабочей группы по внедрению системы 5S на складе ТМЦ. Назначить руководителем группы нач. склада. Цель — сокращение времени на поиск и выдачу комплектующих.
342,ИСХОДЯЩЕЕ ПИСЬМО. Директору ООО 'Транс-Лидер'. Просим предоставить информацию о наличии свободных полувагонов для отгрузки 150 тонн металлоконструкций в направлении Дальнего Востока на декабрь.
343,СЛУЖЕБНАЯ ЗАПИСКА. В юридический отдел. От отдела снабжения. Прошу подготовить проект дополнительного соглашения с поставщиком металла о продлении срока действия договора до конца 2024 года.
344,ПРИКАЗ №785. О порядке выдачи зимней спецодежды. Начать выдачу утепленных курток и брюк сотрудникам цехов и складов с 01.11. Выдачу производить под роспись в личных карточках учета СИЗ.
345,СЛУЖЕБНАЯ ЗАПИСКА. Главному механику. От мастера участка ЧПУ. Требуется замена приводного ремня шпинделя на станке Mazak. Наблюдается проскальзывание при работе на высоких оборотах.
346,"ПРИКАЗ №790. О назначении комиссии по проверке знаний по охране труда. Провести аттестацию руководителей среднего звена (мастера, начальники участков) в срок до 01.12. Председатель — главный инженер."
347,ИСХОДЯЩЕЕ ПИСЬМО. Директору АО 'ВторМет'. Направляем уведомление о готовности к отгрузке партии лома черных металлов (категория 3А) массой 12 тонн. Просим подать ломовоз 14.11 к 10:00.
348,СЛУЖЕБНАЯ ЗАПИСКА. Директору по ИТ. От нач. бухгалтерии. Прошу настроить в системе 1С автоматическое формирование актов сверки с контрагентами для ускорения процесса подготовки к годовому балансу.
349,"ПРИКАЗ №795. О дисциплинарном взыскании за нарушение режима экономии. За оставленное включенным на ночь освещение и вентиляцию в пустом цехе, объявить замечание дежурному мастеру Петрову."
350,"СЛУЖЕБНАЯ ЗАПИСКА. Нач. ОМТС. От нач. сборочного участка. Срочно требуется закупка 50 кг метизов (болт М10х40, класс прочности 8.8). Отсутствие крепежа останавливает сборку партии изделий."
351,ПРИКАЗ №801. О назначении комиссии по проверке состояния систем пожаротушения в архиве предприятия. ПРИКАЗЫВАЮ: 1. Проверить работоспособность модулей порошкового пожаротушения. 2. Срок предоставления акта — 18.11.
352,СЛУЖЕБНАЯ ЗАПИСКА. Директору по качеству. От нач. ОТК. Сообщаю о необходимости закупки комплекта мерных плиток (набор №1) для калибровки приборов в цехе №2. Старый набор имеет износ рабочих поверхностей выше нормы.
353,ИСХОДЯЩЕЕ ПИСЬМО №301/11. Руководителю ООО 'Электро-Стандарт'. Просим предоставить график проведения плановых испытаний высоковольтных кабелей на подстанции №3. Работы необходимо согласовать с графиком плавок цеха №1.
354,ПРИКАЗ №805. О назначении ответственных за эксплуатацию дизельных погрузчиков на складе №4. Закрепить технику за водителями (список прилагается). Ответственным за ведение бортовых журналов назначить механика склада.
355,СЛУЖЕБНАЯ ЗАПИСКА. Главному конструктору. От нач. КБ. Прошу согласовать замену материала вал-шестерни с 40Х на 40ХН для повышения усталостной прочности изделия 'Привод-500'. Технические расчеты прилагаются.
356,"ПРИКАЗ №810. О проведении внепланового инструктажа по правилам работы с переносными лестницами. В связи с падением рабочего в цехе №3, всем мастерам провести проверку состояния лестниц и стремянок до 15.11."
357,"ИСХОДЯЩЕЕ ПИСЬМО. Директору АО 'ПромВент'. Просим направить инженера для диагностики системы аспирации в шлифовальном пролете. Мощность всасывания упала на 30%, что приводит к запыленности рабочих мест."
358,СЛУЖЕБНАЯ ЗАПИСКА. В отдел снабжения. От нач. малярного участка. Срочно требуется закупка 100 кг порошковой краски (цвет RAL 5015) для окраски партии экспортных корпусов. Текущий остаток — 5 кг.
359,"ПРИКАЗ №815. О введении в действие положения о кадровом резерве. Утвердить список сотрудников, рекомендованных к зачислению в резерв на должности начальников участков. Начать программу обучения с 01.12."
360,СЛУЖЕБНАЯ ЗАПИСКА. Нач. отдела кадров. От нач. цеха №1. Прошу подготовить приказ о совмещении профессий для крановщика Соколова А.Б. (доп. работа — стропальщик) с выплатой надбавки в размере 15%.
361,"ПРИКАЗ №820. О проведении инвентаризации инструмента на центральном складе. Создать комиссию в составе: бух. Иванова, нач. склада Петров, инженер Сидоров. Срок проведения — с 20.11 по 25.11."
362,"ИСХОДЯЩЕЕ ПИСЬМО. В адрес страховой компании 'Гарант'. Направляем уточненную смету на ремонт кровли цеха №5, поврежденной в результате стихийного бедствия. Просим утвердить сумму страхового возмещения."
363,СЛУЖЕБНАЯ ЗАПИСКА. Главному бухгалтеру. От нач. ОМТС. Прошу выделить средства на приобретение 200 литров антифриза для системы охлаждения станков на открытой площадке. Замену необходимо произвести до морозов.
364,"ПРИКАЗ №825. О порядке выдачи молока сотрудникам, занятым на работах с вредными условиями труда. Утвердить списки персонала литейного и гальванического цехов. Выдачу производить ежедневно на пунктах питания."
365,СЛУЖЕБНАЯ ЗАПИСКА. Директору по ИТ. От нач. проектного отдела. Прошу обновить лицензии на ПО SolidWorks для 5 рабочих мест конструкторов. Текущий срок действия ключей истекает в конце текущего месяца.
366,ПРИКАЗ №830. О назначении ответственного за исправное состояние стеллажного оборудования. Назначить завскладом металлопроката Соколову М.В. ответственной за проведение ежегодных испытаний стеллажей на нагрузку.
367,ИСХОДЯЩЕЕ ПИСЬМО. Руководителю ООО 'Эко-Технологии'. Просим предоставить коммерческое предложение на вывоз и утилизацию люминесцентных ламп и отработанных аккумуляторов в 2024 году.
368,СЛУЖЕБНАЯ ЗАПИСКА. Нач. ИТ-отдела. От гл. механика. Требуется прокладка локальной сети к новому участку станков с ЧПУ в цехе №4 для обеспечения передачи управляющих программ с центрального сервера.
369,ПРИКАЗ №835. О премировании за экономию материалов. По итогам квартала на заготовительном участке достигнуто снижение отходов листового проката на 8%. Выплатить бригаде премию согласно списку.
370,СЛУЖЕБНАЯ ЗАПИСКА. Нач. службы ГО и ЧС. От нач. охраны. Прошу обеспечить закупку 10 новых фонарей для дежурных смен на случай аварийного отключения освещения на территории завода.
371,ПРИКАЗ №840. О порядке проведения работ с использованием автовышки. Запретить подъем персонала без использования предохранительных поясов и касок. Ответственность за контроль возложить на прораба участка.
372,"ИСХОДЯЩЕЕ ПИСЬМО. Директору завода 'РемМаш'. Просим сообщить о готовности нашего заказа (вал коленчатый, чертеж 12.004). Просрочка по договору составляет 10 дней. Требуем ускорить отгрузку."
373,"СЛУЖЕБНАЯ ЗАПИСКА. Директору по производству. От гл. энергетика. В связи с ремонтом на ТЭЦ, прошу согласовать снижение потребления мощности цехом №2 в период с 18:00 до 22:00 завтрашнего дня."
374,ПРИКАЗ №845. О внедрении электронных путевых листов. С 01.12 перевести учет работы автотранспорта предприятия в систему 'Авто-Контроль'. Водителям получить идентификационные карты в ИТ-отделе.
375,СЛУЖЕБНАЯ ЗАПИСКА. Нач. юридического отдела. От менеджера по сбыту. Прошу подготовить договор на оказание услуг по пусконаладке оборудования для заказчика ООО 'СибПром'. ТЗ и сроки согласованы.
376,ПРИКАЗ №850. О назначении комиссии по проверке состояния защитных заземлений. Провести замеры сопротивления контуров заземления во всех производственных корпусах до 01.12. Результаты занести в протоколы.
377,ИСХОДЯЩЕЕ ПИСЬМО. В адрес управления водоканала. Направляем пробы сточных вод после очистки на локальных сооружениях гальванического цеха. Анализ подтверждает соответствие ПДК.
378,СЛУЖЕБНАЯ ЗАПИСКА. Главному инженеру. От нач. инструментального цеха. Сообщаю о выходе из строя заточного станка. Требуется закупка алмазных кругов и замена шпиндельного узла. Ремонт силами цеха невозможен.
379,ПРИКАЗ №855. О назначении комиссии по проверке санитарного состояния столовой. Проводить внеплановые проверки качества продуктов и соблюдения сроков хранения дважды в неделю. Результаты — директору по АХЧ.
380,СЛУЖЕБНАЯ ЗАПИСКА. В отдел маркетинга. От нач. отдела продаж. Прошу организовать профессиональную фотосъемку новой линейки токарных станков для размещения на официальном сайте и в соцсетях завода.
381,ПРИКАЗ №860. О запрете использования открытых нагревательных приборов. Запретить эксплуатацию электроплиток и кипятильников в раздевалках и инструментальных кладовых. Нарушителей привлекать к ответственности.
382,"ИСХОДЯЩЕЕ ПИСЬМО. Руководителю ГИБДД района. Просим согласовать временную схему движения транспорта на время ремонта железнодорожного переезда, ведущего к территории предприятия."
383,СЛУЖЕБНАЯ ЗАПИСКА. Директору по персоналу. От мастера мех. участка. Прошу рассмотреть кандидатуру токаря Иванова В.С. на получение 5-го разряда. Теоретический экзамен и пробная работа сданы успешно.
384,ПРИКАЗ №865. Об организации дежурства сантехников в выходные дни. Утвердить график на ноябрь для предотвращения аварийных ситуаций в системе отопления. Ответственный — начальник службы эксплуатации.
385,СЛУЖЕБНАЯ ЗАПИСКА. Нач. ОМТС. От нач. склада подшипников. Срочно требуется закупка 500 кг ветоши. Текущие запасы полностью израсходованы при проведении генеральной уборки цехов №1 и №3.
386,ПРИКАЗ №870. О проведении внутреннего аудита системы охраны труда. Проверить ведение журналов инструктажа на рабочих местах в сборочном цехе. Срок предоставления отчета — до конца текущей недели.
387,"ИСХОДЯЩЕЕ ПИСЬМО. Директору ООО 'СпецТехСервис'. Направляем заявку на периодическую поверку контрольно-измерительных приборов (манометры, термометры) согласно приложенному перечню."
388,"СЛУЖЕБНАЯ ЗАПИСКА. Нач. ПДО. От мастера участка сборки. Довожу до сведения, что из-за брака литья (корпус насоса) выполнение заказа №88 задерживается на 4 рабочих дня. Прошу уведомить заказчика."
389,ПРИКАЗ №875. О введении в эксплуатацию системы контроля доступа на склад ТМЦ. Выдачу ТМЦ производить только по электронным пропускам. Назначить ответственным за базу данных начальника службы безопасности.
390,СЛУЖЕБНАЯ ЗАПИСКА. Главному механику. От механика цеха №5. Требуется закупка 10 литров гидравлического масла Shell Tellus S2 для обслуживания прессового оборудования. Текущий остаток — критический.
391,ПРИКАЗ №880. О назначении комиссии по проверке состояния вентиляционных систем. Проверить эффективность работы вытяжек в сварочном цехе. В случае выявления засоров — произвести чистку силами подрядчика.
392,"ИСХОДЯЩЕЕ ПИСЬМО. В адрес ООО 'Металл-Поставка'. Направляем претензию по факту поставки ржавого листового проката (марка ст3, 10 мм). Требуем составить акт о некондиционном товаре и заменить партию."
393,СЛУЖЕБНАЯ ЗАПИСКА. Директору по закупкам. От нач. участка термообработки. Прошу закупить 2 тонны технической соли для нужд котельной и участка химводоочистки. Срок поставки — до конца недели.
394,"ПРИКАЗ №885. О порядке использования корпоративной сотовой связи. Утвердить лимиты расходов для ИТР. В случае превышения лимита более чем на 20%, сотрудник обязан предоставить обоснование в письменном виде."
395,СЛУЖЕБНАЯ ЗАПИСКА. Нач. службы охраны труда. От инженера по ТБ. При проверке в цехе №4 выявлено отсутствие защитного кожуха на заточном станке. Прошу принять меры по устранению нарушения.
396,ПРИКАЗ №890. О проведении аттестации рабочих мест по условиям труда. Организовать замеры уровня вибрации на участках прессового оборудования. Срок исполнения — до 15.12. Ответственный — инж. по ОТ.
397,ИСХОДЯЩЕЕ ПИСЬМО. Руководителю службы логистики АО 'Порт'. Просим уточнить график приема крупногабаритных грузов в декабре. Направляем габаритные чертежи изделий для согласования схемы погрузки.
398,СЛУЖЕБНАЯ ЗАПИСКА. Директору по ИТ. От нач. отдела кадров. Прошу приобрести дополнительный модуль 'Подбор персонала' для системы 1С в целях автоматизации процесса обработки резюме.
399,ПРИКАЗ №895. О дисциплинарном взыскании за прогул. Слесарю-сборщику Петрову И.А. объявить выговор за отсутствие на рабочем месте 10.11 без уважительной причины. Лишить премии за текущий месяц.
400,СЛУЖЕБНАЯ ЗАПИСКА. Нач. ОМТС. От нач. электроцеха. Срочно требуется закупка 20 светодиодных прожекторов для освещения территории склада готовой продукции в ночное время.
401,"ПРИКАЗ №901. О создании комиссии по проверке состояния подкрановых путей в цехе №4. В связи с плановой проверкой Ростехнадзора, ПРИКАЗЫВАЮ: 1. Провести нивелировку путей до 15.11. 2. Главному механику подготовить паспорта на все ГПМ пролета."
402,СЛУЖЕБНАЯ ЗАПИСКА. Директору по качеству. От нач. метрологической службы. Сообщаю о необходимости закупки стандартных образцов для настройки ультразвукового дефектоскопа 'Пеленг'. Текущие образцы имеют недопустимый износ рабочих поверхностей.
403,"ИСХОДЯЩЕЕ ПИСЬМО №345/12. Руководителю ООО 'Сталь-Снаб'. Уведомляем вас о нарушении сроков поставки калиброванного круга ст.45 по договору №78/23. Требуем осуществить отгрузку до 20.11, иначе будем вынуждены начислить неустойку."
404,ПРИКАЗ №905. О назначении ответственных за содержание и эксплуатацию систем вентиляции в малярном отделении. Назначить мастера участка Петрова А.В. ответственным за своевременную замену фильтрующих элементов и чистку воздуховодов.
405,СЛУЖЕБНАЯ ЗАПИСКА. Главному конструктору. От нач. производства. При сборке опытного образца насоса НП-100 выявлено несовпадение крепежных отверстий на раме и корпусе. Прошу внести корректировки в КД (чертеж 405.01.12-СБ).
406,"ПРИКАЗ №910. О проведении внепланового инструктажа по правилам работы на высоте. В связи с началом работ по ремонту кровли производственного корпуса, всем сотрудникам строительного участка пройти проверку знаний и получить наряды-допуска."
407,ИСХОДЯЩЕЕ ПИСЬМО. Директору АО 'ЭнергоСеть'. Просим согласовать увеличение разрешенной мощности потребления для фидера №5 в связи с вводом в эксплуатацию новой печи термообработки мощностью 250 кВт.
408,СЛУЖЕБНАЯ ЗАПИСКА. В отдел снабжения. От нач. инструментального склада. Требуется закупка 500 твердосплавных пластин марки CNMG 120408 для обеспечения бесперебойной работы участка станков с ЧПУ в декабре.
409,"ПРИКАЗ №915. О введении в действие инструкции по обращению с отработанными маслами. Утвердить порядок сбора, хранения и передачи на регенерацию индустриальных масел. Ответственность за наличие чистой тары возложить на мастеров цехов."
410,СЛУЖЕБНАЯ ЗАПИСКА. Нач. отдела кадров. От нач. цеха №2. Прошу рассмотреть возможность премирования слесаря-ремонтника Иванова С.П. за оперативное устранение аварии на гидропрессе в ночную смену 12.11.
411,ПРИКАЗ №920. О проведении инвентаризации драгоценных металлов в составе оборудования. Создать комиссию для проверки наличия серебросодержащих контактов в пусковой аппаратуре и платиновых термопар в термических печах.
412,ИСХОДЯЩЕЕ ПИСЬМО. В адрес ТК 'Авто-Лидер'. Направляем претензию по факту порчи упаковки высокоточного станка при транспортировке. Требуем составить акт осмотра оборудования и компенсировать затраты на диагностику.
413,СЛУЖЕБНАЯ ЗАПИСКА. Главному бухгалтеру. От нач. транспортного цеха. Прошу выделить денежные средства на оплату дорожного налога и оформление диагностических карт для парка грузовых автомобилей (10 единиц).
414,"ПРИКАЗ №925. О порядке выдачи спецодежды для новых сотрудников. Всем принятым на работу в ноябре выдать комплекты согласно нормам (костюм х/б, ботинки с подноском, каска). Контроль возложить на инженера по ОТ."
415,СЛУЖЕБНАЯ ЗАПИСКА. Директору по ИТ. От нач. ПДО. Прошу установить дополнительный модуль 'Учет оснастки' в систему 1С:Предприятие для автоматизации списания режущего инструмента с подотчета мастеров.
416,ПРИКАЗ №930. О назначении ответственного за пожарную безопасность на складе ГСМ. Назначить завскладом Сидорову Е.Н. ответственной за проверку исправности систем автоматического пожаротушения и ведение журнала осмотра.
417,ИСХОДЯЩЕЕ ПИСЬМО. Руководителю ООО 'Эко-Аудит'. Просим провести замеры уровня шума и вибрации на границе санитарно-защитной зоны предприятия в связи с установкой новых компрессорных установок.
418,СЛУЖЕБНАЯ ЗАПИСКА. Нач. ИТ-отдела. От нач. охраны. Прошу произвести замену жестких дисков в видеорегистраторе на КПП №2. Текущий объем памяти не позволяет хранить архив записей более 3-х суток.
419,"ПРИКАЗ №935. О поощрении за активное участие в субботнике. За добросовестный труд по благоустройству прилегающей территории завода, объявить благодарность сотрудникам цеха №5 и выплатить премию."
420,СЛУЖЕБНАЯ ЗАПИСКА. Нач. службы ГО и ЧС. От мастера участка гальваники. Сообщаю о необходимости перезарядки огнетушителей ОУ-5 в количестве 8 штук. Срок очередной проверки истекает 25.11.
421,"ПРИКАЗ №940. О порядке проведения сварочных работ на временных постах. Категорически запретить сварку вне цеха без наличия переносного экрана, первичных средств пожаротушения и оформления наряда-допуска."
422,ИСХОДЯЩЕЕ ПИСЬМО. Директору завода 'Пресс-Маш'. Просим рассмотреть возможность изготовления запасных частей (гидроцилиндр подъема траверсы) для пресса П6330 по нашим эскизам. Просим уточнить сроки.
423,СЛУЖЕБНАЯ ЗАПИСКА. Директору по производству. От гл. технолога. Информирую о задержке внедрения новой технологии закалки валов из-за сбоя в работе программного обеспечения индукционной установки.
424,ПРИКАЗ №945. О внедрении системы бережливого производства (5S) на рабочих местах токарей. Мастерам организовать маркировку мест хранения инструмента и приспособлений. Срок завершения первого этапа — 01.12.
425,"СЛУЖЕБНАЯ ЗАПИСКА. Нач. юридического отдела. От менеджера по закупкам. Прошу проверить легитимность сертификатов соответствия на партию электродов, предоставленных новым поставщиком ООО 'СварТех'."
426,ПРИКАЗ №950. О создании комиссии по приемке фундаментов под обрабатывающие центры. Проверить соответствие качества бетона и расположения закладных деталей проекту №44/23. Составить акт до начала монтажа.
427,ИСХОДЯЩЕЕ ПИСЬМО. В адрес регионального управления Росприроднадзора. Направляем план мероприятий по снижению выбросов загрязняющих веществ в атмосферу в периоды неблагоприятных метеорологических условий (НМУ).
428,СЛУЖЕБНАЯ ЗАПИСКА. Главному инженеру. От нач. ремонтного участка. Сообщаю о критическом износе направляющих станка мод. 1М63 (инв. №12). Требуется проведение капитального ремонта или замена оборудования.
429,ПРИКАЗ №955. О закреплении легкового автотранспорта за подразделениями. Закрепить автомобиль Лада Веста (номер А222АА) за службой главного механика для оперативных выездов на объекты.
430,СЛУЖЕБНАЯ ЗАПИСКА. В отдел маркетинга. От нач. отдела продаж. Прошу подготовить рекламные макеты для размещения в отраслевом журнале 'Вестник машиностроения' к юбилею завода.
431,"ПРИКАЗ №960. Об усилении контроля за ношением защитных касок на территории цеха №1. Мастерам смен проводить ежедневный визуальный контроль. Сотрудников без СИЗ к работе не допускать, лишать премии."
432,ИСХОДЯЩЕЕ ПИСЬМО. Поставщику подшипников 'Сфера-М'. Требуем произвести замену партии роликовых подшипников (артикул 32210) в количестве 50 шт. по причине обнаружения микротрещин на внутренних кольцах.
433,СЛУЖЕБНАЯ ЗАПИСКА. Нач. ПДО. От нач. заготовительного участка. Информирую о поломке ленточнопильного станка. Срок нарезки заготовок для заказа №112 сдвигается на два рабочих дня. Запчасти заказаны.
434,ПРИКАЗ №965. О проведении тренировочной эвакуации при пожаре. 22.11 в 11:00 провести проверку системы оповещения и отработку действий персонала административного корпуса при срабатывании датчиков дыма.
435,"СЛУЖЕБНАЯ ЗАПИСКА. Финансовому директору. От нач. ОМТС. Прошу утвердить авансовый платеж в размере 50 000 руб. за поставку измерительного инструмента (микрометры, калибры) для нужд ОТК."
436,ПРИКАЗ №970. О назначении комиссии по приемке металлорежущего инструмента. Проверить соответствие геометрических параметров фрез заявленным в ТЗ. Председатель комиссии — ведущий технолог Белов.
437,"ИСХОДЯЩЕЕ ПИСЬМО. В администрацию города. Уведомляем о проведении плановых работ по ремонту заводских железнодорожных путей, пересекающих проезжую часть по ул. Промышленная, 24.11 с 09:00 до 17:00."
438,СЛУЖЕБНАЯ ЗАПИСКА. Главному технологу. От нач. мех. цеха. Для обработки крупногабаритных фланцев из нержавеющей стали требуется закупка специализированного инструмента марки Sandvik. Прошу согласовать заявку.
439,ПРИКАЗ №975. О награждении почетными грамотами в связи с Днем машиностроителя. За многолетний добросовестный труд наградить передовиков производства согласно приложенному списку и выплатить вознаграждение.
440,СЛУЖЕБНАЯ ЗАПИСКА. Начальнику охраны. От зав. складом металлопроката. Прошу разрешить выезд груженого автомобиля КАМАЗ (номер В333ВВ) после окончания рабочей смены (в 19:30) для доставки заказа.
441,ПРИКАЗ №980. О создании рабочей группы по цифровизации складского учета. Назначить ответственными нач. склада и ведущего программиста. Цель — внедрение системы штрихкодирования ТМЦ до конца года.
442,"ИСХОДЯЩЕЕ ПИСЬМО. Директору ООО 'Логистик-Групп'. Просим предоставить расчет стоимости перевозки негабаритной колонны (длина 15 м, вес 12 т) по маршруту завод — порт г. Новороссийск."
443,СЛУЖЕБНАЯ ЗАПИСКА. В юридический отдел. От отдела сбыта. Прошу подготовить проект дополнительного соглашения к договору с ООО 'ПромТех' об изменении банковских реквизитов нашей организации.
444,"ПРИКАЗ №985. О порядке выдачи зимней спецодежды. С 15.11 начать выдачу утепленных курток и брюк сотрудникам, работающим на открытых площадках и неотапливаемых складах, согласно ведомости."
445,СЛУЖЕБНАЯ ЗАПИСКА. Главному механику. От мастера цеха №3. Сообщаю о постороннем шуме в работе шпиндельной бабки станка 16К20 (инв. №45). Требуется осмотр специалистами службы ремонта.
446,ПРИКАЗ №990. О назначении комиссии по проверке состояния лестниц и стремянок. Провести испытания переносного лестничного оборудования статическим грузом. Неисправный инвентарь изъять и утилизировать.
447,ИСХОДЯЩЕЕ ПИСЬМО. Директору АО 'ВторМет'. Сообщаем о готовности к отгрузке 15 тонн стальной стружки. Просим подать транспорт под погрузку 27.11 к 10:00 к центральной весовой.
448,СЛУЖЕБНАЯ ЗАПИСКА. Директору по ИТ. От нач. бухгалтерии. Прошу настроить автоматическое формирование отчетов по движению ТМЦ в разрезе материально ответственных лиц для подготовки к годовой инвентаризации.
449,"ПРИКАЗ №995. О дисциплинарном взыскании за нарушение правил промышленной безопасности. За работу без использования защитного экрана на заточном станке, объявить замечание рабочему Кузнецову А.С."
450,СЛУЖЕБНАЯ ЗАПИСКА. Нач. ОМТС. От нач. электроцеха. Срочно требуется закупка 100 метров кабеля ВВГ 3х2.5 для монтажа дополнительного освещения на участке сборки крупноузловых агрегатов.
451,"ПРИКАЗ №1001. О создании комиссии по приемке подкрановых путей после рихтовки. В связи с окончанием ремонтных работ в пролете №3, ПРИКАЗЫВАЮ: 1. Проверить планово-высотное положение путей до 18.11. 2. Главному механику подготовить акт ввода в эксплуатацию."
452,СЛУЖЕБНАЯ ЗАПИСКА. Директору по качеству. От нач. ОТК. Информирую о необходимости приобретения набора щупов (№4) и набора радиусных шаблонов для проверки качества сварных соединений рам. Текущий инструмент имеет механические повреждения.
453,ИСХОДЯЩЕЕ ПИСЬМО №388/11. Руководителю АО 'СпецМашСервис'. Просим направить специалистов для проведения пусконаладочных работ на гидравлическом прессе мод. П6330. Оборудование смонтировано на фундамент и подключено к электросети.
454,ПРИКАЗ №1005. О назначении ответственных за содержание и эксплуатацию первичных средств пожаротушения в цехе №1. Назначить мастера смены Петрова С.А. ответственным за проверку исправности огнетушителей и укомплектованность пожарных щитов.
455,СЛУЖЕБНАЯ ЗАПИСКА. Главному конструктору. От нач. инструментального участка. При изготовлении пресс-формы (чертеж 405.02.04) выявлена ошибка в допуске на посадочное отверстие. Прошу внести изменения в КД для исключения брака изделия.
456,ПРИКАЗ №1010. О проведении ежегодного инструктажа по правилам работы с абразивным инструментом. Всем станочникам и заточникам пройти проверку знаний по технике безопасности при установке и эксплуатации шлифовальных кругов в срок до 25.11.
457,ИСХОДЯЩЕЕ ПИСЬМО. Директору ООО 'ЭнергоПроект'. Просим предоставить техническое решение по модернизации системы освещения сборочного цеха с применением энергосберегающих LED-светильников. Просим рассчитать срок окупаемости.
458,СЛУЖЕБНАЯ ЗАПИСКА. В отдел снабжения. От нач. литейного участка. Срочно требуется закупка 200 кг формовочной глины и 50 кг графита. Текущие запасы материалов на складе участка не обеспечивают выполнение плана на следующую неделю.
459,ПРИКАЗ №1015. О введении в действие регламента технического обслуживания станков с ЧПУ. Утвердить график ежесменных и еженедельных проверок уровней масла и СОЖ. Ответственность за ведение карт ТО возложить на операторов оборудования.
460,"СЛУЖЕБНАЯ ЗАПИСКА. Нач. отдела кадров. От нач. цеха №3. Прошу поощрить токаря Белова И.М. за разработку и внедрение приспособления для ускоренной центровки валов, что позволило снизить время наладки станка на 15%."
461,ПРИКАЗ №1020. О проведении инвентаризации остатков металлопроката на центральном складе. Создать комиссию для сверки фактического наличия листа и круга ст.3 и ст.45 данным в системе 1С. Срок исполнения — с 01.12 по 05.12.
462,ИСХОДЯЩЕЕ ПИСЬМО. В адрес страховой компании 'Альфа'. Направляем пакет документов по факту повреждения трансформатора ТП-2 в результате удара молнии. Просим признать случай страховым и произвести оценку ущерба.
463,СЛУЖЕБНАЯ ЗАПИСКА. Главному бухгалтеру. От нач. транспортного отдела. Прошу выделить денежные средства на закупку зимних шин для 3-х легковых автомобилей предприятия. Эксплуатация на летней резине запрещена приказом по ТБ.
464,ПРИКАЗ №1025. О порядке выдачи защитных очков и респираторов на участках механической обработки. Всем мастерам обеспечить сотрудников СИЗ согласно нормам. Запретить работу на станках без использования средств защиты глаз.
465,СЛУЖЕБНАЯ ЗАПИСКА. Директору по ИТ. От нач. ПДО. Прошу восстановить доступ к сетевой папке 'Техпроцессы' для инженера-технолога Соколовой О.П. Доступ был утерян после планового обновления прав пользователей на сервере.
466,ПРИКАЗ №1030. О назначении ответственного за исправное состояние газового хозяйства предприятия. Назначить главного энергетика Иванова Д.В. ответственным за эксплуатацию ГРУ и ведение журналов проверок давления газа.
467,ИСХОДЯЩЕЕ ПИСЬМО. Руководителю ООО 'ТехноЛаб'. Просим провести метрологическую аттестацию испытательного стенда для проверки насосов. Просим выставить счет на проведение работ и направить методику аттестации.
468,СЛУЖЕБНАЯ ЗАПИСКА. Нач. ИТ-отдела. От нач. охраны. Прошу заменить камеру видеонаблюдения на въездных воротах №1. Ночная видимость камеры не позволяет четко распознавать государственные номера транспортных средств.
469,"ПРИКАЗ №1035. О премировании за выполнение особо важного производственного задания. За досрочную отгрузку партии редукторов для АО 'Транснефть', премировать коллектив сборочного участка согласно приложенному списку."
470,СЛУЖЕБНАЯ ЗАПИСКА. Нач. службы ГО и ЧС. От завскладом готовой продукции. Сообщаю о необходимости доукомплектования пожарного щита в пролете Б: отсутствует лом и одно конусное ведро. Прошу обеспечить наличие инвентаря.
471,ПРИКАЗ №1040. О порядке проведения огневых работ в выходные дни. Проведение сварки и резки 04.11-06.11 разрешается только в присутствии дежурного мастера и после осмотра места проведения работ инженером по пожбезопасности.
472,ИСХОДЯЩЕЕ ПИСЬМО. Директору завода 'Метиз'. Просим изготовить партию нестандартных шпилек М30х1.5 (сталь 40Х) в количестве 500 штук. Чертеж прилагается. Просим указать минимальные сроки изготовления и стоимость.
473,"СЛУЖЕБНАЯ ЗАПИСКА. Директору по производству. От гл. энергетика. В связи с проведением работ на высоковольтной линии, прошу согласовать временное отключение электроэнергии в цехе №2 завтра с 10:00 до 12:00."
474,"ПРИКАЗ №1045. О внедрении системы штрихкодирования готовых изделий. Начиная с 01.01.2024, каждое изделие, выходящее из сборочного цеха, должно иметь уникальный штрих-код для учета в ERP-системе предприятия."
475,СЛУЖЕБНАЯ ЗАПИСКА. Нач. юридического отдела. От нач. отдела сбыта. Прошу подготовить проект мирового соглашения с ООО 'МашСнаб' по факту просрочки оплаты за поставленное оборудование (договор №15/23).
476,ПРИКАЗ №1050. О создании комиссии по проверке состояния подкрановых балок в цехе №1. Провести визуальный осмотр и ультразвуковой контроль сварных швов балок на предмет выявления усталостных трещин. Срок — до 30.11.
477,ИСХОДЯЩЕЕ ПИСЬМО. В адрес управления Росприроднадзора. Направляем отчет о выполнении плана мероприятий по охране атмосферного воздуха за III квартал 2023 года. Нарушений установленных лимитов не зафиксировано.
478,СЛУЖЕБНАЯ ЗАПИСКА. Главному инженеру. От нач. участка вентиляции. Сообщаю о выходе из строя приточного вентилятора в малярном цехе. Требуется срочная закупка электродвигателя мощностью 7.5 кВт (1500 об/мин).
479,ПРИКАЗ №1055. О назначении комиссии по проверке санитарного состояния бытовых помещений. Проводить еженедельные рейды по душевым и раздевалкам цехов. Результаты осмотров фиксировать в актах и передавать в службу АХЧ.
480,СЛУЖЕБНАЯ ЗАПИСКА. В отдел маркетинга. От нач. КБ. Направляем техническое описание новой дробилки ДМ-150 для подготовки рекламного буклета к международной выставке 'Горное оборудование-2023'.
481,ПРИКАЗ №1060. О запрете загромождения проездов и проходов в складской зоне. Всем сотрудникам склада строго соблюдать границы разметки при хранении паллет. Нарушителей привлекать к дисциплинарной ответственности.
482,ИСХОДЯЩЕЕ ПИСЬМО. Руководителю ГИБДД г. Челябинска. Просим выдать разрешение на перевозку крупногабаритного груза (станина станка массой 15 т) по городским маршрутам в ночное время с 25.11 по 26.11.
483,СЛУЖЕБНАЯ ЗАПИСКА. Директору по персоналу. От мастера мех. участка. Прошу рассмотреть кандидатуру слесаря Сидорова А.П. на повышение разряда до 4-го в связи с успешным освоением сборки сложных гидроузлов.
484,ПРИКАЗ №1065. Об организации системы сбора отработанной ветоши. Установить в каждом цехе промаркированные металлические ящики с крышками для сбора промасленной ветоши. Вывоз на утилизацию производить еженедельно.
485,СЛУЖЕБНАЯ ЗАПИСКА. Нач. ОМТС. От нач. инструментального склада. Срочно требуется закупка 10 литров алмазной пасты для полировки пресс-форм. Отсутствие пасты останавливает процесс финишной доводки оснастки.
486,ПРИКАЗ №1070. О проведении внутреннего аудита системы менеджмента качества в отделе закупок. Проверить критерии выбора поставщиков и наличие актуальных сертификатов на сырье. Срок предоставления отчета — 10.12.
487,ИСХОДЯЩЕЕ ПИСЬМО. Директору ООО 'ПромТехСервис'. Направляем заявку на проведение тепловизионного обследования электрических контактов в ГРЩ цеха №4 для предотвращения аварийных отключений оборудования.
488,"СЛУЖЕБНАЯ ЗАПИСКА. Нач. ПДО. От нач. участка заготовок. Довожу до сведения, что из-за поломки ленточнопильного станка Amada выполнение графиков нарезки заготовок задерживается на 3 рабочих дня. Ремонт ведется."
489,ПРИКАЗ №1075. О введении в эксплуатацию системы видеонаблюдения на территории открытого склада металла. Ответственным за сохранность видеоархива и контроль за камерами назначить начальника смены охраны.
490,"СЛУЖЕБНАЯ ЗАПИСКА. Главному механику. От механика цеха №5. Требуется замена клиновых ремней на главном приводе гильотинных ножниц (инв. №88). Текущие ремни имеют трещины и растяжение, что ведет к пробуксовке."
491,ПРИКАЗ №1080. О назначении комиссии по проверке состояния лестниц и стремянок. Провести испытания переносного лестничного оборудования статическим грузом согласно ГОСТ. Немаркированные лестницы изъять из работы.
492,ИСХОДЯЩЕЕ ПИСЬМО. В адрес ООО 'Сталь-Поставка'. Направляем претензионный акт по качеству поставленного стального круга (диаметр 120 мм). При обработке выявлены внутренние раковины. Требуем заменить партию 5 тонн.
493,СЛУЖЕБНАЯ ЗАПИСКА. Директору по закупкам. От нач. участка термообработки. Прошу закупить 2 тонны закалочной соли для соляных ванн. Текущий остаток не позволяет обеспечить полную загрузку печей в декабре.
494,"ПРИКАЗ №1085. О порядке использования корпоративных мобильных телефонов руководителями цехов. Утвердить лимиты расходов на связь. В случае превышения лимита более чем на 15%, сумма удерживается из зарплаты."
495,СЛУЖЕБНАЯ ЗАПИСКА. Нач. службы охраны труда. От инженера по ТБ. При проверке в цехе №2 выявлено отсутствие защитного заземления у сверлильного станка. Прошу приостановить работу оборудования до устранения неисправности.
496,"ПРИКАЗ №1090. О проведении аттестации рабочих мест по условиям труда на кузнечном участке. Организовать замеры уровня шума, вибрации и загазованности. Срок исполнения — до 15.12. Ответственный — инж. по ОТ."
497,ИСХОДЯЩЕЕ ПИСЬМО. Руководителю логистической службы АО 'Порт'. Просим уточнить график приема негабаритных грузов в декабре. Направляем чертежи упаковки изделия 'Рама' весом 20 тонн для согласования схемы строповки.
498,СЛУЖЕБНАЯ ЗАПИСКА. Директору по ИТ. От нач. отдела кадров. Прошу приобрести дополнительную лицензию на ПО '1С:Зарплата и кадры' в связи с увеличением штата сотрудников расчетной группы бухгалтерии.
499,"ПРИКАЗ №1095. О дисциплинарном взыскании за нарушение пропускного режима. За попытку выноса со склада неучтенных метизов, объявить выговор подсобному рабочему Иванову А.А. с лишением премии за текущий месяц."
500,СЛУЖЕБНАЯ ЗАПИСКА. Нач. ОМТС. От нач. электроцеха. Срочно требуется закупка 50 автоматических выключателей на 16А и 20А для плановой замены в распределительных щитах бытовых и производственных помещений.
501,ПРИКАЗ №1101. О назначении комиссии по проверке готовности малярного участка к работе в зимних условиях. ПРИКАЗЫВАЮ: 1. Проверить герметичность ворот и оконных проемов. 2. Провести замеры температуры в зоне сушки изделий до 15.11.
502,СЛУЖЕБНАЯ ЗАПИСКА. Директору по качеству. От нач. лаборатории неразрушающего контроля. Сообщаю о необходимости поверки рентгеновского аппарата 'март-200'. Срок действующего свидетельства истекает 01.12. Без поверки контроль сварных швов запрещен.
503,"ИСХОДЯЩЕЕ ПИСЬМО №412/12. Руководителю ООО 'Металл-Сервис'. Уведомляем о выявлении поверхностных трещин на партии стального круга (ст.40Х, диаметр 80 мм). Просим направить представителя для составления акта о браке и замены 3 тонн металла."
504,"ПРИКАЗ №1105. О назначении ответственных за безопасную эксплуатацию сосудов, работающих под давлением. Назначить инженера-механика Смирнова А.В. ответственным за содержание ресиверов в компрессорной станции №2."
505,СЛУЖЕБНАЯ ЗАПИСКА. Главному конструктору. От нач. цеха №4. При монтаже гидравлической системы агрегата А-200 выявлено пересечение трубопроводов с элементами рамы. Прошу пересмотреть схему разводки согласно приложенному эскизу.
506,"ПРИКАЗ №1110. О проведении внепланового инструктажа по правилам работы с электроинструментом. В связи с зафиксированным случаем повреждения кабеля УШМ в сборочном цехе, провести проверку всего ручного инструмента на целостность изоляции."
507,ИСХОДЯЩЕЕ ПИСЬМО. Директору АО 'СпецТранс'. Просим предоставить график подачи вагонов на декабрь для отгрузки 300 тонн металлоконструкций. Просим учесть необходимость использования полувагонов с повышенной грузоподъемностью.
508,"СЛУЖЕБНАЯ ЗАПИСКА. В отдел снабжения. От нач. участка термообработки. Требуется закупка 500 кг технической буры для приготовления флюсов. Текущий остаток на складе участка критический, что может привести к остановке печей."
509,ПРИКАЗ №1115. О введении в действие регламента по очистке станков от стружки. Установить обязательную очистку рабочих зон станков за 15 минут до окончания каждой смены. Контроль качества уборки возложить на мастеров участков.
510,СЛУЖЕБНАЯ ЗАПИСКА. Нач. отдела кадров. От нач. цеха №1. Прошу рассмотреть кандидатуру фрезеровщика Петрова В.Г. на вакантную должность мастера смены в связи с наличием у него высшего технического образования и стажа работы 10 лет.
511,ПРИКАЗ №1120. О проведении инвентаризации основных средств в инструментальном цехе. Создать комиссию для проверки наличия станков и крупногабаритной оснастки согласно инвентарным карточкам. Срок завершения — 10.12.
512,ИСХОДЯЩЕЕ ПИСЬМО. В адрес страховой компании 'Опора'. Направляем уведомление о повреждении погрузчика TCM в результате наезда на препятствие. Просим направить эксперта для оценки стоимости восстановительного ремонта.
513,СЛУЖЕБНАЯ ЗАПИСКА. Главному бухгалтеру. От нач. транспортного цеха. Прошу согласовать оплату счета за установку систем спутникового мониторинга ГЛОНАСС на 5 единиц новой спецтехники для контроля расхода топлива.
514,"ПРИКАЗ №1125. О порядке выдачи защитных кремов и паст для рук. В целях профилактики дерматитов у сотрудников, работающих с агрессивными СОЖ и маслами, обеспечить выдачу защитных средств согласно утвержденным нормам."
515,СЛУЖЕБНАЯ ЗАПИСКА. Директору по ИТ. От нач. ПДО. Прошу предоставить доступ к модулю 'Графики производства' в системе ERP ведущему инженеру-плановику Ивановой Е.А. для оперативного внесения изменений в план отгрузок.
516,ПРИКАЗ №1130. О назначении ответственного за исправное состояние систем отопления. Назначить начальника котельной Степанова М.И. ответственным за соблюдение температурного режима в производственных и бытовых помещениях завода.
517,ИСХОДЯЩЕЕ ПИСЬМО. Руководителю ООО 'Эко-Проект'. Просим разработать программу производственного экологического контроля (ПЭК) на следующий календарный год с учетом ввода в эксплуатацию новой линии окраски.
518,СЛУЖЕБНАЯ ЗАПИСКА. Нач. ИТ-отдела. От нач. службы охраны. Требуется монтаж дополнительной камеры видеонаблюдения на рампе склада готовой продукции №2 для фиксации процесса погрузки негабаритных изделий.
519,ПРИКАЗ №1135. О премировании за рациональное использование электроэнергии. По итогам месяца цех №3 показал снижение энергопотребления на 7%. ПРИКАЗЫВАЮ: Выплатить персоналу цеха премию в размере 5% от оклада.
520,СЛУЖЕБНАЯ ЗАПИСКА. Нач. службы ГО и ЧС. От мастера сварочного участка. Сообщаю о необходимости закупки 10 штук новых асбестовых полотен для комплектации постов сварки. Старые полотна имеют прожоги и разрывы.
521,ПРИКАЗ №1140. О порядке проведения работ в колодцах и замкнутых емкостях. Категорически запретить вход в емкости без проверки загазованности и наличия страхующего звена в составе не менее двух человек.
522,ИСХОДЯЩЕЕ ПИСЬМО. Директору завода 'ПромПрибор'. Просим рассмотреть возможность поставки 20 датчиков давления Метран-150. Просим указать наличие на складе и возможность предоставления скидки за объем.
523,СЛУЖЕБНАЯ ЗАПИСКА. Директору по производству. От гл. механика. Информирую о выходе из строя главного двигателя карусельного станка (инв. №105). Требуется демонтаж и отправка агрегата на специализированный ремонт.
524,ПРИКАЗ №1145. О внедрении электронной системы подачи заявок на ремонт оборудования. С 01.12 все заявки в службу главного механика должны оформляться через внутренний портал предприятия. Обучение мастеров — 25.11.
525,СЛУЖЕБНАЯ ЗАПИСКА. Нач. юридического отдела. От менеджера по закупкам. Прошу подготовить дополнительное соглашение к договору с ООО 'МеталлГрупп' о продлении сроков поставки в связи с форс-мажорными обстоятельствами.
526,ПРИКАЗ №1150. О создании комиссии по проверке состояния подкрановых ферм в сборочном корпусе. Провести визуальный осмотр узлов крепления и заклепочных соединений на предмет коррозии и деформаций. Срок — 20.12.
527,ИСХОДЯЩЕЕ ПИСЬМО. В адрес регионального МЧС. Направляем обновленный план эвакуации и декларацию пожарной безопасности производственного корпуса №3 после завершения перепланировки инструментального участка.
528,"СЛУЖЕБНАЯ ЗАПИСКА. Главному инженеру. От нач. участка ГПМ. Сообщаю о необходимости замены грузового каната на мостовом кране (г/п 10 т) в цехе №1. Выявлено количество обрывов проволок, превышающее норму браковки."
529,ПРИКАЗ №1155. О закреплении мобильного компрессора за строительным участком. Закрепить компрессор Atlas Copco за бригадиром Петровым Д.А. Ответственным за своевременную замену фильтров назначить механика участка.
530,СЛУЖЕБНАЯ ЗАПИСКА. В отдел маркетинга. От нач. отдела продаж. Прошу обновить информацию о технических характеристиках станков серии СТ-500 на официальном сайте завода в связи с модернизацией системы ЧПУ.
531,ПРИКАЗ №1160. Об усилении контроля за использованием средств защиты органов слуха на участке холодной высадки. Мастерам обеспечить обязательное ношение противошумных наушников персоналом в течение всей смены.
532,ИСХОДЯЩЕЕ ПИСЬМО. Поставщику подшипников 'SKF-Центр'. Требуем заменить партию подшипников 6204-2RS в количестве 100 шт. по причине несоответствия типа уплотнения заявленному в спецификации к договору.
533,"СЛУЖЕБНАЯ ЗАПИСКА. Нач. ПДО. От мастера мех. участка. Довожу до сведения, что из-за отсутствия литья (корпус редуктора) выполнение заказа №202 задерживается на неделю. Прошу внести изменения в график отгрузки."
534,ПРИКАЗ №1165. О проведении тренировки по ликвидации разлива СОЖ. 24.11 в 10:00 провести практическое занятие на участке ЧПУ. Отработать навыки использования абсорбирующих матов и порядок уведомления служб.
535,СЛУЖЕБНАЯ ЗАПИСКА. Финансовому директору. От нач. ОМТС. Прошу согласовать аванс в размере 70 000 руб. за закупку твердосплавного инструмента марки Mitsubishi. Применение аналогов приводит к снижению скорости обработки.
536,ПРИКАЗ №1170. О назначении комиссии по проверке состояния лестниц и стремянок на складе ТМЦ. Проверить исправность фиксаторов и наличие резиновых башмаков. Неисправный инвентарь списать и утилизировать.
537,ИСХОДЯЩЕЕ ПИСЬМО. В администрацию города. Просим согласовать установку временного строительного забора вдоль проезда Машиностроителей на период проведения ремонта фасада административного здания.
538,СЛУЖЕБНАЯ ЗАПИСКА. Главному технологу. От нач. мех. цеха. Предлагаю заменить операцию фрезерования пазов на протягивание для детали 'Втулка'. Это позволит увеличить производительность участка в 2 раза.
539,"ПРИКАЗ №1175. О поощрении сотрудников за безаварийную эксплуатацию транспорта. За отсутствие нарушений ПДД и бережное содержание автомобилей в течение года, выплатить премию водителям согласно списку."
540,СЛУЖЕБНАЯ ЗАПИСКА. Начальнику охраны. От зав. складом ГСМ. Прошу разрешить выезд за территорию завода бензовоза (номер Е555КХ) после 20:00 для освобождения площадки под приемку новой партии топлива.
541,ПРИКАЗ №1180. О создании рабочей группы по внедрению бережливого производства (Kaizen). Назначить руководителем группы зам. директора по развитию. Цель — выявление и устранение потерь на сборочном участке.
542,"ИСХОДЯЩЕЕ ПИСЬМО. Директору ООО 'Транс-Экспресс'. Просим предоставить коммерческое предложение на доставку крупногабаритного станка (длина 8 м, ширина 3 м) из г. Москвы до проходной нашего завода."
543,СЛУЖЕБНАЯ ЗАПИСКА. В юридический отдел. От отдела снабжения. Прошу подготовить проект претензии поставщику спецодежды ООО 'Стиль-Труд' в связи с несоответствием материала костюмов требованиям ГОСТ.
544,"ПРИКАЗ №1185. О порядке выдачи теплых жилетов сотрудникам склада. В связи с работой в неотапливаемых помещениях, выдать комплекты утепленной одежды персоналу склада готовой продукции сверх утвержденных норм."
545,"СЛУЖЕБНАЯ ЗАПИСКА. Главному механику. От мастера участка шлифовки. Требуется замена подшипников в шпиндельном узле станка мод. 3Г71. Наблюдается биение, не позволяющее выдержать требуемую чистоту поверхности."
546,ПРИКАЗ №1190. О назначении комиссии по проверке знаний по электробезопасности. Провести аттестацию электротехнического персонала на II и III группы допуска. Председатель комиссии — главный энергетик завода.
547,ИСХОДЯЩЕЕ ПИСЬМО. Директору АО 'Металл-Лом'. Сообщаем о готовности к отгрузке 25 тонн лома чугуна (категория 17А). Просим подать транспорт под погрузку 28.11 к 09:00 к весовой платформе №1.
548,СЛУЖЕБНАЯ ЗАПИСКА. Директору по ИТ. От нач. бухгалтерии. Прошу настроить в системе 1С автоматическое уведомление о приближении срока окончания доверенностей на получение ТМЦ для материально ответственных лиц.
549,"ПРИКАЗ №1195. О дисциплинарном взыскании за нарушение правил охраны труда. За работу на высоте без страховочного пояса, объявить выговор электромонтеру Соколову В.А. Лишить премии за текущий месяц."
550,СЛУЖЕБНАЯ ЗАПИСКА. Нач. ОМТС. От нач. инструментального цеха. Срочно требуется закупка 50 кг электродов марки УОНИ 13/55 для сварки ответственных конструкций станин. Остаток на складе — нулевой.
551,ПРИКАЗ №1201. О создании комиссии по проверке состояния систем пожаротушения в архиве предприятия. ПРИКАЗЫВАЮ: 1. Проверить работоспособность модулей порошкового пожаротушения. 2. Срок предоставления акта — 18.11.2023.
552,СЛУЖЕБНАЯ ЗАПИСКА. Директору по качеству. От нач. ОТК. Сообщаю о необходимости закупки комплекта мерных плиток (набор №1) для калибровки приборов в цехе №2. Старый набор имеет износ рабочих поверхностей выше нормы.
553,ИСХОДЯЩЕЕ ПИСЬМО №445/12. Руководителю ООО 'Электро-Стандарт'. Просим предоставить график проведения плановых испытаний высоковольтных кабелей на подстанции №3. Работы необходимо согласовать с графиком плавок цеха №1.
554,ПРИКАЗ №1205. О назначении ответственных за эксплуатацию дизельных погрузчиков на складе №4. Закрепить технику за водителями (список прилагается). Ответственным за ведение журналов назначить механика склада.
555,СЛУЖЕБНАЯ ЗАПИСКА. Главному конструктору. От нач. КБ. Прошу согласовать замену материала вал-шестерни с 40Х на 40ХН для повышения усталостной прочности изделия 'Привод-500'. Технические расчеты прилагаются.
556,"ПРИКАЗ №1210. О проведении внепланового инструктажа по правилам работы с переносными лестницами. В связи с падением рабочего в цехе №3, всем мастерам провести проверку состояния лестниц и стремянок до 15.11."
557,"ИСХОДЯЩЕЕ ПИСЬМО. Директору АО 'ПромВент'. Просим направить инженера для диагностики системы аспирации в шлифовальном пролете. Мощность всасывания упала на 30%, что приводит к запыленности рабочих мест."
558,СЛУЖЕБНАЯ ЗАПИСКА. В отдел снабжения. От нач. малярного участка. Срочно требуется закупка 100 кг порошковой краски (цвет RAL 5015) для окраски партии экспортных корпусов. Текущий остаток — 5 кг.
559,"ПРИКАЗ №1215. О введении в действие положения о кадровом резерве. Утвердить список сотрудников, рекомендованных к зачислению в резерв на должности начальников участков. Начать программу обучения с 01.12."
560,СЛУЖЕБНАЯ ЗАПИСКА. Нач. отдела кадров. От нач. цеха №1. Прошу подготовить приказ о совмещении профессий для крановщика Соколова А.Б. (доп. работа — стропальщик) с выплатой надбавки в размере 15%.
561,"ПРИКАЗ №1220. О проведении инвентаризации инструмента на центральном складе. Создать комиссию в составе: бух. Иванова, нач. склада Петров, инженер Сидоров. Срок проведения — с 20.11 по 25.11."
562,"ИСХОДЯЩЕЕ ПИСЬМО. В адрес страховой компании 'Гарант'. Направляем уточненную смету на ремонт кровли цеха №5, поврежденной в результате стихийного бедствия. Просим утвердить сумму страхового возмещения."
563,СЛУЖЕБНАЯ ЗАПИСКА. Главному бухгалтеру. От нач. ОМТС. Прошу выделить средства на приобретение 200 литров антифриза для системы охлаждения станков на открытой площадке. Замену необходимо произвести до морозов.
564,"ПРИКАЗ №1225. О порядке выдачи молока сотрудникам, занятым на работах с вредными условиями труда. Утвердить списки персонала литейного и гальванического цехов. Выдачу производить ежедневно на пунктах питания."
565,СЛУЖЕБНАЯ ЗАПИСКА. Директору по ИТ. От нач. проектного отдела. Прошу обновить лицензии на ПО SolidWorks для 5 рабочих мест конструкторов. Текущий срок действия ключей истекает в конце текущего месяца.
566,ПРИКАЗ №1230. О назначении ответственного за исправное состояние стеллажного оборудования. Назначить завскладом металлопроката Соколову М.В. ответственной за проведение ежегодных испытаний стеллажей на нагрузку.
567,ИСХОДЯЩЕЕ ПИСЬМО. Руководителю ООО 'Эко-Технологии'. Просим предоставить коммерческое предложение на вывоз и утилизацию люминесцентных ламп и отработанных аккумуляторов в 2024 году.
568,СЛУЖЕБНАЯ ЗАПИСКА. Нач. ИТ-отдела. От гл. механика. Требуется прокладка локальной сети к новому участку станков с ЧПУ в цехе №4 для обеспечения передачи управляющих программ с центрального сервера.
569,ПРИКАЗ №1235. О премировании за экономию материалов. По итогам квартала на заготовительном участке достигнуто снижение отходов листового проката на 8%. Выплатить бригаде премию согласно списку.
570,СЛУЖЕБНАЯ ЗАПИСКА. Нач. службы ГО и ЧС. От нач. охраны. Прошу обеспечить закупку 10 новых фонарей для дежурных смен на случай аварийного отключения освещения на территории завода.
571,ПРИКАЗ №1240. О порядке проведения работ с использованием автовышки. Запретить подъем персонала без использования предохранительных поясов и касок. Ответственность за контроль возложить на прораба участка.
572,"ИСХОДЯЩЕЕ ПИСЬМО. Директору завода 'РемМаш'. Просим сообщить о готовности нашего заказа (вал коленчатый, чертеж 12.004). Просрочка по договору составляет 10 дней. Требуем ускорить отгрузку."
573,"СЛУЖЕБНАЯ ЗАПИСКА. Директору по производству. От гл. энергетика. В связи с ремонтом на ТЭЦ, прошу согласовать снижение потребления мощности цехом №2 в период с 18:00 до 22:00 завтрашнего дня."
574,ПРИКАЗ №1245. О внедрении электронных путевых листов. С 01.12 перевести учет работы автотранспорта предприятия в систему 'Авто-Контроль'. Водителям получить идентификационные карты в ИТ-отделе.
575,СЛУЖЕБНАЯ ЗАПИСКА. Нач. юридического отдела. От менеджера по сбыту. Прошу подготовить договор на оказание услуг по пусконаладке оборудования для заказчика ООО 'СибПром'. ТЗ и сроки согласованы.
576,ПРИКАЗ №1250. О назначении комиссии по проверке состояния защитных заземлений. Провести замеры сопротивления контуров заземления во всех производственных корпусах до 01.12. Результаты занести в протоколы.
577,ИСХОДЯЩЕЕ ПИСЬМО. В адрес управления водоканала. Направляем пробы сточных вод после очистки на локальных сооружениях гальванического цеха. Анализ подтверждает соответствие ПДК.
578,СЛУЖЕБНАЯ ЗАПИСКА. Главному инженеру. От нач. инструментального цеха. Сообщаю о выходе из строя заточного станка. Требуется закупка алмазных кругов и замена шпиндельного узла. Ремонт силами цеха невозможен.
579,ПРИКАЗ №1255. О назначении комиссии по проверке санитарного состояния столовой. Проводить внеплановые проверки качества продуктов и соблюдения сроков хранения дважды в неделю. Результаты — директору по АХЧ.
580,СЛУЖЕБНАЯ ЗАПИСКА. В отдел маркетинга. От нач. отдела продаж. Прошу организовать профессиональную фотосъемку новой линейки токарных станков для размещения на официальном сайте и в соцсетях завода.
581,ПРИКАЗ №1260. О запрете использования открытых нагревательных приборов. Запретить эксплуатацию электроплиток и кипятильников в раздевалках и инструментальных кладовых. Нарушителей привлекать к ответственности.
582,"ИСХОДЯЩЕЕ ПИСЬМО. Руководителю ГИБДД района. Просим согласовать временную схему движения транспорта на время ремонта железнодорожного переезда, ведущего к территории предприятия."
583,СЛУЖЕБНАЯ ЗАПИСКА. Директору по персоналу. От мастера мех. участка. Прошу рассмотреть кандидатуру токаря Иванова В.С. на получение 5-го разряда. Теоретический экзамен и пробная работа сданы успешно.
584,ПРИКАЗ №1265. Об организации дежурства сантехников в выходные дни. Утвердить график на ноябрь для предотвращения аварийных ситуаций в системе отопления. Ответственный — начальник службы эксплуатации.
585,СЛУЖЕБНАЯ ЗАПИСКА. Нач. ОМТС. От нач. склада подшипников. Срочно требуется закупка 500 кг ветоши. Текущие запасы полностью израсходованы при проведении генеральной уборки цехов №1 и №3.
586,ПРИКАЗ №1270. О проведении внутреннего аудита системы охраны труда. Проверить ведение журналов инструктажа на рабочих местах в сборочном цехе. Срок предоставления отчета — до конца текущей недели.
587,"ИСХОДЯЩЕЕ ПИСЬМО. Директору ООО 'СпецТехСервис'. Направляем заявку на периодическую поверку контрольно-измерительных приборов (манометры, термометры) согласно приложенному перечню."
588,"СЛУЖЕБНАЯ ЗАПИСКА. Нач. ПДО. От мастера участка сборки. Довожу до сведения, что из-за брака литья (корпус насоса) выполнение заказа №88 задерживается на 4 рабочих дня. Прошу уведомить заказчика."
589,ПРИКАЗ №1275. О введении в эксплуатацию системы контроля доступа на склад ТМЦ. Выдачу ТМЦ производить только по электронным пропускам. Назначить ответственным за базу данных начальника службы безопасности.
590,СЛУЖЕБНАЯ ЗАПИСКА. Главному механику. От механика цеха №5. Требуется закупка 10 литров гидравлического масла Shell Tellus S2 для обслуживания прессового оборудования. Текущий остаток — критический.
591,ПРИКАЗ №1280. О назначении комиссии по проверке состояния вентиляционных систем. Проверить эффективность работы вытяжек в сварочном цехе. В случае выявления засоров — произвести чистку силами подрядчика.
592,"ИСХОДЯЩЕЕ ПИСЬМО. В адрес ООО 'Металл-Поставка'. Направляем претензию по факту поставки ржавого листового проката (марка ст3, 10 мм). Требуем составить акт о некондиционном товаре и заменить партию."
593,СЛУЖЕБНАЯ ЗАПИСКА. Директору по закупкам. От нач. участка термообработки. Прошу закупить 2 тонны технической соли для нужд котельной и участка химводоочистки. Срок поставки — до конца недели.
594,"ПРИКАЗ №1285. О порядке использования корпоративной сотовой связи. Утвердить лимиты расходов для ИТР. В случае превышения лимита более чем на 20%, сотрудник обязан предоставить обоснование в письменном виде."
595,СЛУЖЕБНАЯ ЗАПИСКА. Нач. службы охраны труда. От инженера по ТБ. При проверке в цехе №4 выявлено отсутствие защитного кожуха на заточном станке. Прошу принять меры по устранению нарушения.
596,ПРИКАЗ №1290. О проведении аттестации рабочих мест по условиям труда. Организовать замеры уровня вибрации на участках прессового оборудования. Срок исполнения — до 15.12. Ответственный — инж. по ОТ.
597,ИСХОДЯЩЕЕ ПИСЬМО. Руководителю службы логистики АО 'Порт'. Просим уточнить график приема крупногабаритных грузов в декабре. Направляем габаритные чертежи изделий для согласования схемы погрузки.
598,СЛУЖЕБНАЯ ЗАПИСКА. Директору по ИТ. От нач. отдела кадров. Прошу приобрести дополнительный модуль 'Подбор персонала' для системы 1С в целях автоматизации процесса обработки резюме.
599,ПРИКАЗ №1295. О дисциплинарном взыскании за прогул. Слесарю-сборщику Петрову И.А. объявить выговор за отсутствие на рабочем месте 10.11 без уважительной причины. Лишить премии за текущий месяц.
600,СЛУЖЕБНАЯ ЗАПИСКА. Нач. ОМТС. От нач. электроцеха. Срочно требуется закупка 20 светодиодных прожекторов для освещения территории склада готовой продукции в ночное время.
601,ПРИКАЗ №1301. О создании комиссии по проверке герметичности емкостей на складе ГСМ. ПРИКАЗЫВАЮ: 1. Провести визуальный осмотр сварных швов резервуаров РГС-25 до 20.11. 2. Главному энергетику обеспечить проверку систем заземления.
602,СЛУЖЕБНАЯ ЗАПИСКА. Директору по качеству. От нач. ОТК. Сообщаю о выявлении дефекта 'непровар' в партии опорных плит (чертеж 50.112). Прошу приостановить отгрузку и направить сварщиков на внеочередную аттестацию.
603,ИСХОДЯЩЕЕ ПИСЬМО №456/11. Руководителю ООО 'Сталь-Комплект'. Уведомляем о готовности принять партию двутавровой балки №24. Просим осуществить доставку на территорию склада металлов в сопровождении оригиналов сертификатов.
604,ПРИКАЗ №1305. О назначении ответственных за пожарную безопасность на участке термообработки. Назначить старшего термиста Ильина А.В. ответственным за исправное состояние противопожарных полотен и песочниц.
605,СЛУЖЕБНАЯ ЗАПИСКА. Главному конструктору. От нач. сборочного цеха. В процессе сборки обнаружено неудобство подвода смазки к узлу подшипника. Прошу перенести расположение пресс-масленки согласно эскизу.
606,ПРИКАЗ №1310. О проведении ежегодного инструктажа по правилам работы с сосудами под давлением. Всем операторам компрессорных установок и термистам пройти проверку знаний правил безопасной эксплуатации до 25.11.
607,ИСХОДЯЩЕЕ ПИСЬМО. Директору АО 'СпецАвтоТранс'. Просим предоставить в аренду автокран грузоподъемностью 50 тонн для проведения монтажных работ на участке сборки крупногабаритных конструкций 28.11.
608,СЛУЖЕБНАЯ ЗАПИСКА. В отдел снабжения. От нач. лаборатории. Требуется закупка 10 литров реактива (кислота азотная) для проведения травления шлифов и анализа макроструктуры стали. Текущий остаток — нулевой.
609,ПРИКАЗ №1315. О введении в действие регламента технического осмотра мостовых кранов перед сменой. Утвердить форму чек-листа осмотра. Крановщикам фиксировать состояние канатов и тормозов в журнале приема-передачи.
610,СЛУЖЕБНАЯ ЗАПИСКА. Нач. отдела кадров. От нач. цеха №4. Прошу подготовить документы на премирование бригады №2 за досрочное выполнение государственного оборонного заказа и отсутствие брака в текущем месяце.
611,ПРИКАЗ №1320. О проведении инвентаризации драгоценных металлов в радиоэлектронном оборудовании. Создать комиссию для сверки паспортов станков с ЧПУ и наличия плат управления. Срок предоставления отчета — 15.12.
612,ИСХОДЯЩЕЕ ПИСЬМО. В адрес ТК 'Грузоперевозки'. Выставляем претензию по факту задержки подачи транспорта под погрузку на 4 часа. Требуем выплаты штрафа согласно пункту 4.2 договора оказания услуг.
613,СЛУЖЕБНАЯ ЗАПИСКА. Главному бухгалтеру. От нач. ОМТС. Прошу выделить денежные средства на оплату счета №99 за приобретение 100 метров кабеля КГ 4х10 для подключения передвижных сварочных агрегатов.
614,ПРИКАЗ №1325. О порядке выдачи смывающих и обезвреживающих средств. Утвердить нормы выдачи очищающей пасты для рук сотрудникам литейного и мех. цехов. Выдачу производить кладовщикам под роспись.
615,СЛУЖЕБНАЯ ЗАПИСКА. Директору по ИТ. От нач. ПДО. Прошу обновить антивирусное ПО на рабочих станциях планово-диспетчерского бюро в связи с частыми системными сбоями при загрузке базы данных.
616,ПРИКАЗ №1330. О назначении ответственного за исправное состояние систем промышленной вентиляции. Назначить инженера-механика Котова Р.Д. ответственным за проверку эффективности вытяжек в сварочном цехе.
617,ИСХОДЯЩЕЕ ПИСЬМО. Руководителю ООО 'Эко-Стандарт'. Просим провести инвентаризацию источников выбросов загрязняющих веществ в атмосферу на территории завода в связи с запуском новой линии порошковой окраски.
618,"СЛУЖЕБНАЯ ЗАПИСКА. Нач. ИТ-отдела. От нач. охраны. Требуется ремонт системы оповещения на КПП-1. Громкоговорители работают с помехами, что затрудняет координацию действий персонала при заезде транспорта."
619,ПРИКАЗ №1335. О премировании за высокое качество продукции по итогам квартала. По результатам приемки ОТК цех №2 показал наименьший процент брака. Начислить коллективу премию в размере 15% от ФОТ.
620,СЛУЖЕБНАЯ ЗАПИСКА. Нач. службы ГО и ЧС. От мастера инструментального участка. Сообщаю о необходимости проверки работоспособности пожарных кранов в корпусе №4. Зафиксировано падение давления в сети.
621,ПРИКАЗ №1340. О порядке проведения работ на высоте с использованием страховочных привязей. Всем сотрудникам ремонтной группы пройти внеплановый инструктаж по правилам крепления страховочных строп.
622,ИСХОДЯЩЕЕ ПИСЬМО. Директору завода 'ПромСнаб'. Просим рассмотреть возможность изготовления запасных ножей для гильотины мод. НК3418 по нашим чертежам. Материал ножей — сталь 6ХВ2С.
623,СЛУЖЕБНАЯ ЗАПИСКА. Директору по производству. От гл. технолога. Информирую о переходе на новый тип СОЖ для станков Mazak. Прошу согласовать остановку оборудования на 4 часа для промывки систем.
624,ПРИКАЗ №1345. О внедрении системы контроля передвижения ТМЦ по заводу с использованием RFID-меток. Пилотный проект запустить на участке заготовок. Ответственным за установку считывателей назначить ИТ-отдел.
625,СЛУЖЕБНАЯ ЗАПИСКА. Нач. юридического отдела. От менеджера по продажам. Прошу проверить юридическую чистоту учредительных документов нового контрагента ООО 'МашТехСервис' перед заключением контракта.
626,ПРИКАЗ №1350. О создании комиссии по проверке технического состояния автотранспорта предприятия. Провести осмотр ходовой части и тормозных систем всех грузовых автомобилей. Срок — до конца недели.
627,ИСХОДЯЩЕЕ ПИСЬМО. В адрес городского управления архитектуры. Направляем заявку на согласование изменения фасада складского корпуса №3 в связи с установкой новых секционных ворот увеличенного размера.
628,СЛУЖЕБНАЯ ЗАПИСКА. Главному инженеру. От нач. участка энергоснабжения. Сообщаю о необходимости замены вводного автомата на 400А в щитовой цеха №5. Наблюдается перегрев контактов при полной нагрузке.
629,ПРИКАЗ №1355. О закреплении бензореза STIHL за аварийной бригадой. Ответственным за хранение и своевременную заправку инструмента топливной смесью назначить старшего мастера ремонтного участка.
630,СЛУЖЕБНАЯ ЗАПИСКА. В отдел маркетинга. От нач. отдела сбыта. Прошу подготовить список выставок промышленного оборудования на 2024 год для формирования бюджета на участие и подготовку экспонатов.
631,ПРИКАЗ №1360. Об усилении контроля за использованием СИЗ органов дыхания в литейном цехе. Проводить ежесменные проверки наличия респираторов у рабочих. Нарушителей отстранять от работы незамедлительно.
632,ИСХОДЯЩЕЕ ПИСЬМО. Поставщику метизов 'Болт-М'. Требуем произвести замену партии болтов М16х60 по причине несоответствия шага резьбы заявленному в счете. Просим прислать курьера для возврата товара.
633,"СЛУЖЕБНАЯ ЗАПИСКА. Нач. ПДО. От мастера мех. участка. Довожу до сведения, что изготовление валов задерживается из-за неисправности люнета. Ремонт планируется завершить в течение двух рабочих дней."
634,ПРИКАЗ №1365. О проведении тренировки по действиям персонала при обнаружении подозрительного предмета. 20.11 в 09:00 провести эвакуацию заводоуправления. Ответственный — начальник службы охраны.
635,СЛУЖЕБНАЯ ЗАПИСКА. Финансовому директору. От нач. ОМТС. Прошу утвердить оплату за 5 тонн формовочного песка. Поставка необходима для бесперебойной работы литейного участка в предстоящие выходные.
636,ПРИКАЗ №1370. О назначении комиссии по проверке состояния лестниц-стремянок в архиве. Проверить целостность ступеней и наличие резиновых подпятников. Неисправный инвентарь изъять из эксплуатации.
637,"ИСХОДЯЩЕЕ ПИСЬМО. В администрацию района. Просим согласовать проведение работ по обрезке деревьев вдоль линии электропередач, питающей завод, в целях предотвращения аварийных отключений."
638,"СЛУЖЕБНАЯ ЗАПИСКА. Главному технологу. От нач. инструментального цеха. Предлагаю приобрести твердосплавные пластины с покрытием TiAlN для обработки нержавеющей стали, что увеличит стойкость инструмента в 1.5 раза."
639,ПРИКАЗ №1375. О поощрении за рационализаторское предложение по снижению расхода газа. Выплатить инженеру Иванову К.В. премию в размере 10 000 рублей за модернизацию системы управления горелками печи.
640,СЛУЖЕБНАЯ ЗАПИСКА. Начальнику охраны. От завскладом ГСМ. Прошу разрешить въезд на территорию завода автомобиля-топливозаправщика (номер В777ВВ) в ночное время для слива дизельного топлива.
641,ПРИКАЗ №1380. О создании комиссии по аттестации рабочих мест по условиям труда. Организовать замеры уровня освещенности на рабочих столах инженеров-конструкторов и в цехах мехобработки. Срок — до 01.12.
642,"ИСХОДЯЩЕЕ ПИСЬМО. Директору ООО 'ТехноТранс'. Просим предоставить расчет стоимости перевозки груза (масса 8 тонн, габариты 4х2.5х2 м) по маршруту Самара — Москва в тентованном полуприцепе."
643,СЛУЖЕБНАЯ ЗАПИСКА. В юридический отдел. От отдела снабжения. Прошу подготовить дополнительное соглашение к договору поставки инструмента о возможности оплаты товара по факту отгрузки.
644,"ПРИКАЗ №1385. О порядке выдачи зимней спецодежды сотрудникам охраны. Выдать теплые куртки и валенки персоналу, задействованному на наружных постах. Контроль возложить на начальника службы безопасности."
645,СЛУЖЕБНАЯ ЗАПИСКА. Главному механику. От мастера цеха №1. Сообщаю о необходимости ремонта шпиндельного узла фрезерного станка (инв. №302). Наблюдается повышенное биение при работе торцевой фрезой.
646,ПРИКАЗ №1390. О назначении комиссии по поверке автомобильных и платформенных весов. Сформировать группу для сопровождения государственного поверителя и обеспечения грузами-эталонами 22.11.
647,ИСХОДЯЩЕЕ ПИСЬМО. Директору АО 'ВторЧерМет'. Направляем уведомление о готовности к сдаче партии стального лома (категория 5А) массой 10 тонн. Просим направить ломовоз на весовую завода 24.11.
648,"СЛУЖЕБНАЯ ЗАПИСКА. Директору по ИТ. От нач. бухгалтерии. Прошу настроить автоматическую блокировку доступа к системе 1С для сотрудников, находящихся в ежегодном отпуске, в целях безопасности данных."
649,"ПРИКАЗ №1395. О дисциплинарном взыскании за курение в производственном помещении. За нарушение правил пожарной безопасности в цехе №3, объявить строгий выговор слесарю Петрову И.И. без выплаты премии."
650,СЛУЖЕБНАЯ ЗАПИСКА. Нач. ОМТС. От нач. электроцеха. Срочно требуется закупка 20 штук светодиодных прожекторов мощностью 50Вт для замены вышедших из строя светильников наружного освещения периметра.
651,"ПРИКАЗ №1401. О создании комиссии по проверке состояния подкрановых путей в цехе №5. В связи с плановым осмотром Ростехнадзора, ПРИКАЗЫВАЮ: 1. Провести нивелировку путей до 15.11. 2. Главному механику подготовить паспорта на все ГПМ пролета."
652,СЛУЖЕБНАЯ ЗАПИСКА. Директору по качеству. От нач. метрологической службы. Сообщаю о необходимости закупки стандартных образцов для настройки ультразвукового дефектоскопа 'Пеленг'. Текущие образцы имеют недопустимый износ.
653,"ИСХОДЯЩЕЕ ПИСЬМО №512/12. Руководителю ООО 'Сталь-Снаб'. Уведомляем вас о нарушении сроков поставки калиброванного круга ст.45 по договору №78/23. Требуем осуществить отгрузку до 20.11, иначе будет начислена неустойка."
654,ПРИКАЗ №1405. О назначении ответственных за содержание систем вентиляции в малярном отделении. Назначить мастера участка Петрова А.В. ответственным за своевременную замену фильтров и чистку воздуховодов.
655,СЛУЖЕБНАЯ ЗАПИСКА. Главному конструктору. От нач. производства. При сборке опытного образца насоса НП-100 выявлено несовпадение отверстий на раме и корпусе. Прошу внести корректировки в КД (чертеж 405.01.12-СБ).
656,"ПРИКАЗ №1410. О проведении внепланового инструктажа по правилам работы на высоте. В связи с началом ремонта кровли, всем сотрудникам строительного участка пройти проверку знаний и получить наряды-допуска."
657,ИСХОДЯЩЕЕ ПИСЬМО. Директору АО 'ЭнергоСеть'. Просим согласовать увеличение разрешенной мощности для фидера №5 в связи с вводом в эксплуатацию новой печи термообработки мощностью 250 кВт.
658,СЛУЖЕБНАЯ ЗАПИСКА. В отдел снабжения. От нач. инструментального склада. Требуется закупка 500 твердосплавных пластин марки CNMG 120408 для обеспечения работы участка станков с ЧПУ в декабре.
659,ПРИКАЗ №1415. О введении в действие инструкции по обращению с отработанными маслами. Утвердить порядок сбора и передачи на регенерацию масел. Ответственность за наличие тары возложить на мастеров цехов.
660,СЛУЖЕБНАЯ ЗАПИСКА. Нач. отдела кадров. От нач. цеха №2. Прошу рассмотреть возможность премирования слесаря Иванова С.П. за оперативное устранение аварии на гидропрессе в ночную смену 12.11.
661,ПРИКАЗ №1420. О проведении инвентаризации драгметаллов в составе оборудования. Создать комиссию для проверки наличия серебросодержащих контактов и платиновых термопар в термических печах.
662,ИСХОДЯЩЕЕ ПИСЬМО. В адрес ТК 'Авто-Лидер'. Направляем претензию по факту порчи упаковки высокоточного станка при транспортировке. Требуем составить акт осмотра и компенсировать затраты на диагностику.
663,СЛУЖЕБНАЯ ЗАПИСКА. Главному бухгалтеру. От нач. транспортного цеха. Прошу выделить средства на оплату дорожного налога и оформление диагностических карт для парка грузовых автомобилей (10 единиц).
664,"ПРИКАЗ №1425. О порядке выдачи спецодежды для новых сотрудников. Всем принятым на работу в ноябре выдать комплекты согласно нормам (костюм х/б, ботинки, каска). Контроль возложить на инженера по ОТ."
665,СЛУЖЕБНАЯ ЗАПИСКА. Директору по ИТ. От нач. ПДО. Прошу установить дополнительный модуль 'Учет оснастки' в систему 1С для автоматизации списания режущего инструмента с подотчета мастеров.
666,ПРИКАЗ №1430. О назначении ответственного за пожарную безопасность на складе ГСМ. Назначить завскладом Сидорову Е.Н. ответственной за проверку исправности систем автоматического пожаротушения.
667,ИСХОДЯЩЕЕ ПИСЬМО. Руководителю ООО 'Эко-Аудит'. Просим провести замеры уровня шума на границе санитарно-защитной зоны предприятия в связи с установкой новых компрессорных установок.
668,СЛУЖЕБНАЯ ЗАПИСКА. Нач. ИТ-отдела. От нач. охраны. Прошу произвести замену жестких дисков в видеорегистраторе на КПП №2. Текущий объем памяти не позволяет хранить архив записей более 3-х суток.
669,"ПРИКАЗ №1435. О поощрении за активное участие в субботнике. За добросовестный труд по благоустройству территории завода, объявить благодарность сотрудникам цеха №5 и выплатить премию."
670,СЛУЖЕБНАЯ ЗАПИСКА. Нач. службы ГО и ЧС. От мастера участка гальваники. Сообщаю о необходимости перезарядки огнетушителей ОУ-5 в количестве 8 штук. Срок очередной проверки истекает 25.11.
671,"ПРИКАЗ №1440. О порядке проведения сварочных работ на временных постах. Категорически запретить сварку вне цеха без наличия экрана, средств пожаротушения и оформления наряда-допуска."
672,ИСХОДЯЩЕЕ ПИСЬМО. Директору завода 'Пресс-Маш'. Просим рассмотреть возможность изготовления запасных частей (гидроцилиндр) для пресса П6330 по нашим эскизам. Просим уточнить сроки.
673,СЛУЖЕБНАЯ ЗАПИСКА. Директору по производству. От гл. технолога. Информирую о задержке внедрения новой технологии закалки валов из-за сбоя в работе ПО индукционной установки.
674,ПРИКАЗ №1445. О внедрении системы бережливого производства (5S) на рабочих местах токарей. Мастерам организовать маркировку мест хранения инструмента. Срок завершения — 01.12.
675,СЛУЖЕБНАЯ ЗАПИСКА. Нач. юридического отдела. От менеджера по закупкам. Прошу проверить легитимность сертификатов соответствия на партию электродов от нового поставщика ООО 'СварТех'.
676,ПРИКАЗ №1450. О создании комиссии по приемке фундаментов под обрабатывающие центры. Проверить соответствие качества бетона и расположения закладных деталей проекту №44/23.
677,ИСХОДЯЩЕЕ ПИСЬМО. В адрес управления Росприроднадзора. Направляем план мероприятий по снижению выбросов в атмосферу в периоды неблагоприятных метеорологических условий (НМУ).
678,СЛУЖЕБНАЯ ЗАПИСКА. Главному инженеру. От нач. ремонтного участка. Сообщаю о критическом износе направляющих станка мод. 1М63 (инв. №12). Требуется проведение капитального ремонта.
679,ПРИКАЗ №1455. О закреплении легкового автотранспорта за подразделениями. Закрепить автомобиль Лада Веста (номер А222АА) за службой главного механика для оперативных выездов.
680,СЛУЖЕБНАЯ ЗАПИСКА. В отдел маркетинга. От нач. отдела продаж. Прошу подготовить рекламные макеты для размещения в отраслевом журнале 'Вестник машиностроения' к юбилею завода.
681,"ПРИКАЗ №1460. Об усилении контроля за ношением касок в цехе №1. Мастерам проводить ежедневный визуальный контроль. Сотрудников без СИЗ к работе не допускать, лишать премии."
682,ИСХОДЯЩЕЕ ПИСЬМО. Поставщику подшипников 'Сфера-М'. Требуем произвести замену партии подшипников (артикул 32210) в количестве 50 шт. по причине обнаружения микротрещин.
683,СЛУЖЕБНАЯ ЗАПИСКА. Нач. ПДО. От нач. заготовительного участка. Информирую о поломке ленточнопильного станка. Срок нарезки заготовок для заказа №112 сдвигается на два рабочих дня.
684,ПРИКАЗ №1465. О проведении тренировочной эвакуации при пожаре. 22.11 в 11:00 провести проверку системы оповещения и отработку действий персонала административного корпуса.
685,СЛУЖЕБНАЯ ЗАПИСКА. Финансовому директору. От нач. ОМТС. Прошу утвердить авансовый платеж в размере 50 000 руб. за поставку измерительного инструмента (микрометры) для нужд ОТК.
686,ПРИКАЗ №1470. О назначении комиссии по приемке металлорежущего инструмента. Проверить соответствие параметров фрез заявленным в ТЗ. Председатель комиссии — ведущий технолог Белов.
687,ИСХОДЯЩЕЕ ПИСЬМО. В администрацию города. Уведомляем о проведении плановых работ по ремонту заводских ЖД путей на пересечении с ул. Промышленная 24.11 с 09:00 до 17:00.
688,СЛУЖЕБНАЯ ЗАПИСКА. Главному технологу. От нач. мех. цеха. Для обработки фланцев из нержавеющей стали требуется закупка инструмента марки Sandvik. Прошу согласовать заявку.
689,ПРИКАЗ №1475. О награждении грамотами в связи с Днем машиностроителя. За многолетний добросовестный труд наградить передовиков производства согласно списку.
690,СЛУЖЕБНАЯ ЗАПИСКА. Начальнику охраны. От зав. складом металлопроката. Прошу разрешить выезд груженого автомобиля КАМАЗ (номер В333ВВ) после окончания смены (в 19:30).
691,ПРИКАЗ №1480. О создании рабочей группы по цифровизации складского учета. Назначить ответственными нач. склада и программиста. Цель — внедрение штрихкодирования ТМЦ.
692,"ИСХОДЯЩЕЕ ПИСЬМО. Директору ООО 'Логистик-Групп'. Просим предоставить расчет стоимости перевозки негабаритной колонны (длина 15 м, вес 12 т) по маршруту завод — порт Новороссийск."
693,СЛУЖЕБНАЯ ЗАПИСКА. В юридический отдел. От отдела сбыта. Прошу подготовить проект доп. соглашения к договору с ООО 'ПромТех' об изменении банковских реквизитов нашей организации.
694,"ПРИКАЗ №1485. О порядке выдачи зимней спецодежды. С 15.11 начать выдачу утепленных курток сотрудникам, работающим на открытых площадках и неотапливаемых складах."
695,СЛУЖЕБНАЯ ЗАПИСКА. Главному механику. От мастера цеха №3. Сообщаю о постороннем шуме в работе шпиндельной бабки станка 16К20. Требуется осмотр специалистами службы ремонта.
696,ПРИКАЗ №1490. О назначении комиссии по проверке состояния лестниц. Провести испытания переносного лестничного оборудования. Неисправный инвентарь изъять и утилизировать.
697,ИСХОДЯЩЕЕ ПИСЬМО. Директору АО 'ВторМет'. Сообщаем о готовности к отгрузке 15 тонн стальной стружки. Просим подать транспорт под погрузку 27.11 к 10:00 к центральной весовой.
698,СЛУЖЕБНАЯ ЗАПИСКА. Директору по ИТ. От нач. бухгалтерии. Прошу настроить автоматическое формирование отчетов по движению ТМЦ в разрезе МОЛ для годовой инвентаризации.
699,"ПРИКАЗ №1495. О дисциплинарном взыскании за нарушение правил безопасности. За работу без использования защитного экрана на заточном станке, объявить замечание рабочему."
700,СЛУЖЕБНАЯ ЗАПИСКА. Нач. ОМТС. От нач. электроцеха. Срочно требуется закупка 100 метров кабеля ВВГ 3х2.5 для монтажа освещения на участке сборки крупных агрегатов.
701,"ПРИКАЗ №1501. О создании комиссии по приемке системы автоматического пожаротушения в цехе №2. В связи с завершением монтажных работ, ПРИКАЗЫВАЮ: 1. Провести комплексные испытания системы до 20.11. 2. Главному инженеру подписать акт приемки."
702,СЛУЖЕБНАЯ ЗАПИСКА. Директору по качеству. От нач. ОТК. Сообщаю о необходимости закупки набора калибров-пробок для контроля резьбы М24х1.5. Действующий инструмент имеет предельный износ и не обеспечивает точность приемки изделий.
703,ИСХОДЯЩЕЕ ПИСЬМО №545/12. Руководителю ООО 'Металл-Профиль'. Просим предоставить сертификаты соответствия на поставленную партию профлиста С21. Без указанных документов приемка материала на склад ПРБ невозможна.
704,"ПРИКАЗ №1505. О назначении ответственных за безопасную эксплуатацию сосудов, работающих под давлением. Назначить мастера компрессорного участка Соколова В.В. ответственным за проверку манометров и предохранительных клапанов."
705,СЛУЖЕБНАЯ ЗАПИСКА. Главному конструктору. От нач. цеха сборки. В процессе монтажа редуктора выявлено перекрытие доступа к сливной пробке элементами станины. Прошу рассмотреть возможность изменения конструкции рамы.
706,"ПРИКАЗ №1510. О проведении внепланового инструктажа по правилам работы с грузоподъемными механизмами. В связи с заменой стропальных цепей в цехе №3, всем стропальщикам пройти проверку знаний схем строповки до 15.11."
707,ИСХОДЯЩЕЕ ПИСЬМО. Директору АО 'ЭнергоСбыт'. Просим направить представителя для опломбировки нового счетчика электроэнергии в ТП-4 после проведения плановой замены прибора учета 18.11.
708,СЛУЖЕБНАЯ ЗАПИСКА. В отдел снабжения. От нач. малярного участка. Требуется закупка 200 литров обезжиривателя и 50 рулонов малярного скотча для подготовки поверхности корпусов под финишную окраску.
709,"ПРИКАЗ №1515. О введении в действие регламента ежедневного осмотра станков ЧПУ операторами. Утвердить форму чек-листа проверки уровней СОЖ, давления масла и чистоты датчиков позиционирования."
710,СЛУЖЕБНАЯ ЗАПИСКА. Нач. отдела кадров. От нач. цеха №1. Прошу рассмотреть кандидатуру токаря 5 разряда Иванова А.Б. на получение надбавки за наставничество в связи с обучением трех молодых специалистов.
711,ПРИКАЗ №1520. О проведении инвентаризации драгоценных металлов в электронных платах станков. Создать комиссию для сверки данных технических паспортов с фактическим наличием блоков управления в цехе №4.
712,ИСХОДЯЩЕЕ ПИСЬМО. В адрес страховой компании 'Ренессанс'. Направляем акт об аварийном повреждении электропогрузчика в результате обрушения стеллажной полки. Просим назначить дату осмотра для оценки ущерба.
713,СЛУЖЕБНАЯ ЗАПИСКА. Главному бухгалтеру. От нач. транспортного отдела. Прошу выделить средства на закупку 500 литров зимнего дизельного топлива для обеспечения работы спецтехники на открытых площадках.
714,"ПРИКАЗ №1525. О порядке выдачи спецодежды сверх норм при производственной необходимости. Разрешить выдачу дополнительных защитных костюмов сварщикам, занятым на работах внутри емкостей, на основании акта износа."
715,СЛУЖЕБНАЯ ЗАПИСКА. Директору по ИТ. От нач. ПДО. Прошу предоставить права доступа к сетевому ресурсу 'Архив чертежей' ведущему инженеру-технологу Смирновой Е.В. для работы над заказом №889.
716,ПРИКАЗ №1530. О назначении ответственного за исправное состояние систем заземления в цехе №1. Назначить мастера-электрика Петрова С.М. ответственным за проведение ежемесячных осмотров контуров заземления.
717,ИСХОДЯЩЕЕ ПИСЬМО. Руководителю ООО 'Эко-Тех'. Просим предоставить график вывоза промышленных отходов 3-го класса опасности (отработанная СОЖ) с территории завода в декабре текущего года.
718,СЛУЖЕБНАЯ ЗАПИСКА. Нач. ИТ-отдела. От нач. охраны. Требуется перенос сервера системы контроля доступа в защищенное помещение в связи с началом ремонтных работ в коридоре административного корпуса.
719,"ПРИКАЗ №1535. О премировании за экономию инструмента и материалов. По результатам аудита за III квартал, инструментальный участок показал снижение расхода фрез на 12%. Премировать коллектив согласно списку."
720,СЛУЖЕБНАЯ ЗАПИСКА. Нач. службы ГО и ЧС. От мастера заготовительного участка. Сообщаю об отсутствии знаков пожарной безопасности и схем эвакуации на новом участке лазерной резки. Прошу обеспечить монтаж.
721,ПРИКАЗ №1540. О порядке проведения огневых работ вблизи складов ГСМ. Категорически запретить выполнение сварочных работ без оформления специального наряда-допуска и присутствия пожарного поста.
722,ИСХОДЯЩЕЕ ПИСЬМО. Директору завода 'Гидравлик'. Просим рассмотреть возможность поставки комплекта уплотнений для гидроцилиндров пресса П6330. Просим указать наличие на складе и сроки доставки.
723,СЛУЖЕБНАЯ ЗАПИСКА. Директору по производству. От гл. технолога. Информирую о сбое в работе управляющей программы станка Doosan при обработке детали 'Вал'. Требуется корректировка постпроцессора.
724,ПРИКАЗ №1545. О внедрении системы учета инструмента по штрих-кодам. С 01.12 выдачу сверл и резцов из инструментальной кладовой производить только при считывании кода с личной карточки работника.
725,СЛУЖЕБНАЯ ЗАПИСКА. Нач. юридического отдела. От менеджера по сбыту. Прошу проверить проект договора с ООО 'ТехноПром' на предмет соответствия условий по срокам гарантийного обслуживания нашей политике.
726,ПРИКАЗ №1550. О создании комиссии по проверке состояния подкрановых балок. Провести ультразвуковую дефектоскопию сварных швов балок в пролете №2. Ответственный за проведение контроля — инженер лаборатории.
727,ИСХОДЯЩЕЕ ПИСЬМО. В адрес управления Росприроднадзора. Направляем отчет о проведении мониторинга подземных вод в зоне расположения шламонакопителя гальванического участка за второе полугодие.
728,"СЛУЖЕБНАЯ ЗАПИСКА. Главному инженеру. От нач. ремонтного участка. Сообщаю о поломке шпинделя токарного станка 16К20 (инв. №402). Требуется закупка оригинального узла, ремонт собственными силами невозможен."
729,ПРИКАЗ №1555. О закреплении мобильной подъемной платформы за службой главного энергетика. Ответственным за технически исправное состояние и проведение планового ТО назначить механика Смирнова А.П.
730,СЛУЖЕБНАЯ ЗАПИСКА. В отдел маркетинга. От нач. отдела продаж. Прошу подготовить презентационные материалы по новой линейке вакуумных насосов для отправки потенциальному заказчику в КНР.
731,ПРИКАЗ №1560. Об усилении контроля за использованием СИЗ органов слуха в прессовом цехе. Мастерам проводить проверки каждые 2 часа. За работу без наушников применять дисциплинарные взыскания.
732,"ИСХОДЯЩЕЕ ПИСЬМО. Поставщику подшипников 'NSK'. Сообщаем о несоответствии упаковки товара условиям договора. Требуем заменить партию подшипников 6205, так как отсутствие консервации привело к коррозии."
733,"СЛУЖЕБНАЯ ЗАПИСКА. Нач. ПДО. От нач. мех. участка. Довожу до сведения, что из-за отсутствия заготовок ст.40Х на складе, срок сдачи заказа №114 переносится на три рабочих дня. Прошу уведомить отдел продаж."
734,ПРИКАЗ №1565. О проведении тренировки по действиям при аварийном разливе масла. 20.11 в 14:00 провести практическое занятие на складе ГСМ с использованием песка и сорбентов. Ответственный — инженер по ТБ.
735,СЛУЖЕБНАЯ ЗАПИСКА. Финансовому директору. От нач. ОМТС. Прошу утвердить авансовый платеж в размере 40 000 руб. за поставку сварочной проволоки. Текущий остаток в цехе №1 — на два рабочих дня.
736,ПРИКАЗ №1570. О назначении комиссии по проверке состояния переносных лестниц в цехе №5. Проверить наличие инвентарных номеров и даты следующих испытаний. Неисправный инвентарь утилизировать.
737,ИСХОДЯЩЕЕ ПИСЬМО. В администрацию района. Просим согласовать временное сужение проезжей части по ул. Заводская в связи с проведением работ по ремонту кабельной линии электропередач 25.11.
738,СЛУЖЕБНАЯ ЗАПИСКА. Главному технологу. От нач. инструментального цеха. Предлагаю закупить набор твердосплавных фрез для обработки закаленной стали. Это позволит сократить время обработки матриц на 20%.
739,ПРИКАЗ №1575. О награждении почетными грамотами сотрудников за активную рационализаторскую деятельность. Выплатить денежное вознаграждение инженерам КБ (согласно списку) за внедрение новых узлов.
740,СЛУЖЕБНАЯ ЗАПИСКА. Начальнику охраны. От нач. склада готовой продукции. Прошу разрешить выезд автомобиля ГАЗель (номер Е444КХ) после 20:00 для доставки срочного груза на железнодорожный вокзал.
741,ПРИКАЗ №1580. О создании комиссии по аттестации рабочих мест по условиям труда. Организовать замеры уровня освещенности и шума на новом участке мехобработки. Срок предоставления отчета — 15.12.
742,"ИСХОДЯЩЕЕ ПИСЬМО. Директору ООО 'Транс-Авто'. Просим предоставить расчет стоимости перевозки груза (масса 10 тонн, габариты 5х3х2.5 м) по маршруту Екатеринбург — Новосибирск в декабре."
743,СЛУЖЕБНАЯ ЗАПИСКА. В юридический отдел. От отдела снабжения. Прошу подготовить дополнительное соглашение к договору поставки металла об изменении условий оплаты (переход на отсрочку платежа).
744,ПРИКАЗ №1585. О порядке выдачи зимней спецодежды сотрудникам заготовительного участка. Начать выдачу утепленных костюмов и обуви с 01.11. Контроль за получением возложить на мастера участка.
745,СЛУЖЕБНАЯ ЗАПИСКА. Главному механику. От мастера цеха №3. Сообщаю о необходимости замены ремней привода шпинделя на станке 1К62 (инв. №15). Наблюдается проскальзывание ремней при работе на больших подачах.
746,ПРИКАЗ №1590. О назначении комиссии по проверке состояния подкрановых путей мостовых кранов. Провести геодезическую съемку путей в пролете Б. Ответственным за подготовку приборов назначить гл. геодезиста.
747,ИСХОДЯЩЕЕ ПИСЬМО. Директору АО 'ВторЧерМет'. Сообщаем о готовности к отгрузке 15 тонн стальной стружки. Просим подать ломовоз на весовую завода 26.11 к 10:00 для проведения погрузочных работ.
748,СЛУЖЕБНАЯ ЗАПИСКА. Директору по ИТ. От нач. бухгалтерии. Прошу настроить в системе 1С автоматическую выгрузку данных по движению ТМЦ для оперативного контроля остатков в разрезе материальных лиц.
749,"ПРИКАЗ №1595. О дисциплинарном взыскании за нарушение правил охраны труда. За работу на сверлильном станке в перчатках, объявить замечание оператору Петрову А.А. с лишением премии за текущий месяц."
750,СЛУЖЕБНАЯ ЗАПИСКА. Нач. ОМТС. От нач. электроцеха. Срочно требуется закупка 50 метров кабеля ВВГ 3х4 для подключения нового компрессора на участке сборки. Отсутствие кабеля задерживает запуск линии.
751,ПРИКАЗ №1601. О создании комиссии по проверке готовности складских помещений к приему ТМЦ в зимний период. ПРИКАЗЫВАЮ: 1. Проверить работу тепловых завес на воротах склада №3 до 15.11. 2. Главному инженеру обеспечить закупку противогололедных реагентов.
752,"СЛУЖЕБНАЯ ЗАПИСКА. Директору по качеству. От нач. метрологической службы. Сообщаю о необходимости плановой поверки 20 манометров высокого давления, установленных на гидростанциях прессов. Срок поверки истекает 01.12. Прошу согласовать счет ЦСМ."
753,ИСХОДЯЩЕЕ ПИСЬМО №612/12. Руководителю ООО 'Металл-Инвест'. Уведомляем о несоответствии твердости поставленной партии поковок (ст.40ХН) требованиям чертежа. Просим направить специалиста для проведения совместных замеров твердомером на нашем складе.
754,ПРИКАЗ №1605. О назначении ответственных за содержание и эксплуатацию систем вентиляции в цехе №4. Назначить мастера участка Сидорова П.А. ответственным за своевременную очистку пылеулавливающих агрегатов и замену рукавных фильтров.
755,СЛУЖЕБНАЯ ЗАПИСКА. Главному конструктору. От нач. производства. В ходе сборки рамы основания выявлено неудобство доступа к регулировочным болтам опор. Прошу рассмотреть возможность изменения конструкции согласно приложенному эскизу.
756,"ПРИКАЗ №1610. О проведении внепланового инструктажа по правилам работы с переносным электроинструментом. В связи с зафиксированным случаем работы без защитных кожухов на УШМ, всем мастерам провести проверку наличия защиты на инструменте до 18.11."
757,ИСХОДЯЩЕЕ ПИСЬМО. Директору АО 'ТеплоСеть'. Просим предоставить акт сверки за потребленную тепловую энергию за октябрь 2023 года и согласовать лимиты потребления на предстоящий отопительный период для производственных корпусов.
758,СЛУЖЕБНАЯ ЗАПИСКА. В отдел снабжения. От нач. инструментального склада. Требуется закупка 500 отрезных кругов диаметром 125 мм и 100 кг ветоши для нужд участка мехобработки. Текущие остатки не обеспечивают работу в следующую смену.
759,ПРИКАЗ №1615. О введении в действие инструкции по технике безопасности при работе на заточных станках. Запретить работу без защитных экранов и использования подручников. Мастерам ознакомить персонал под подпись в журнале инструктажа.
760,"СЛУЖЕБНАЯ ЗАПИСКА. Нач. отдела кадров. От нач. цеха №2. Прошу подготовить приказ о премировании слесаря Иванова В.В. за оперативный ремонт главного привода станка в ночное время, что позволило избежать срыва графика отгрузки заказа."
761,ПРИКАЗ №1620. О проведении инвентаризации остатков сварочной проволоки и электродов. Создать комиссию для сверки фактических остатков на складах цехов №1 и №3 с данными бухгалтерского учета. Срок предоставления ведомостей — 20.11.
762,ИСХОДЯЩЕЕ ПИСЬМО. В адрес страховой компании 'Макс'. Направляем пакет документов по факту повреждения кровли склада готовой продукции в результате падения дерева. Просим назначить экспертизу для оценки стоимости ремонта.
763,"СЛУЖЕБНАЯ ЗАПИСКА. Главному бухгалтеру. От нач. транспортного отдела. Прошу выделить денежные средства на закупку зимней резины для 2-х вилочных погрузчиков, работающих на открытой площадке отгрузки металлоконструкций."
764,ПРИКАЗ №1625. О порядке выдачи защитных очков и масок сотрудникам малярного участка. Обеспечить наличие СИЗ на рабочих местах согласно утвержденным нормам. Мастерам контролировать использование средств защиты в течение всей смены.
765,СЛУЖЕБНАЯ ЗАПИСКА. Директору по ИТ. От нач. ПДО. Прошу предоставить удаленный доступ к системе 1С инженеру-плановику Петровой О.А. на период ее нахождения в служебной командировке для оперативной корректировки планов.
766,ПРИКАЗ №1630. О назначении ответственного за исправное состояние систем пожаротушения в электрощитовых. Назначить главного энергетика Соколова И.М. ответственным за проверку модулей газового пожаротушения и ведение журналов.
767,ИСХОДЯЩЕЕ ПИСЬМО. Руководителю ООО 'Эко-Мониторинг'. Просим провести замеры концентрации вредных веществ в воздухе рабочей зоны на участке пайки в связи с модернизацией системы местной вытяжной вентиляции.
768,СЛУЖЕБНАЯ ЗАПИСКА. Нач. ИТ-отдела. От нач. службы охраны. Прошу произвести ремонт системы видеонаблюдения на КПП №3. В темное время суток изображение с камер не позволяет идентифицировать лица проходящих сотрудников.
769,"ПРИКАЗ №1635. О премировании за высокое качество сварных соединений по результатам УЗК. По итогам проверки партии сосудов (заказ №405), дефектов не обнаружено. Премировать сварщиков согласно приложенному списку."
770,"СЛУЖЕБНАЯ ЗАПИСКА. Нач. службы ГО и ЧС. От мастера инструментального участка. Сообщаю о необходимости замены 5 огнетушителей ОУ-5, у которых истек срок эксплуатации. Прошу обеспечить замену до конца текущей недели."
771,"ПРИКАЗ №1640. О порядке проведения огневых работ на высоте. Категорически запретить проведение сварки на высоте более 1.8 м без оформления наряда-допуска, наличия страховочного пояса и огнеупорного полотна внизу."
772,ИСХОДЯЩЕЕ ПИСЬМО. Директору завода 'ПромПрибор'. Просим рассмотреть возможность поставки 10 датчиков уровня жидкости для баков СОЖ. Просим указать сроки поставки и возможность интеграции датчиков в нашу систему мониторинга.
773,СЛУЖЕБНАЯ ЗАПИСКА. Директору по производству. От гл. механика. Информирую о выходе из строя подшипникового узла на вентиляторе главного пролета. Требуется закупка запасных частей. Срок поставки — 3 рабочих дня.
774,"ПРИКАЗ №1645. О внедрении электронной системы учета выдачи спецодежды. Начиная с 01.12, выдачу СИЗ производить только при предъявлении личного пропуска сотрудника с регистрацией в базе данных отдела кадров."
775,СЛУЖЕБНАЯ ЗАПИСКА. Нач. юридического отдела. От менеджера по закупкам. Прошу проверить юридическую чистоту правоустанавливающих документов нового поставщика инструмента ООО 'Резец' перед подписанием контракта.
776,ПРИКАЗ №1650. О создании комиссии по проверке состояния подкрановых путей мостовых кранов в цехе №1. Провести нивелировку путей и осмотр стыковых соединений. Ответственный за проведение работ — гл. геодезист.
777,ИСХОДЯЩЕЕ ПИСЬМО. В адрес регионального управления Росприроднадзора. Направляем отчет по форме 2-ТП (отходы) за III квартал 2023 года. Нарушений установленных лимитов размещения промышленных отходов не выявлено.
778,СЛУЖЕБНАЯ ЗАПИСКА. Главному инженеру. От нач. участка гидравлики. Сообщаю о протечке масла в гидросистеме листогибочного пресса Amada. Требуется закупка набора уплотнений и 100 литров масла марки Shell Tellus.
779,ПРИКАЗ №1655. О назначении комиссии по проверке санитарного состояния бытовых помещений цехов. Проводить еженедельные осмотры раздевалок и душевых по пятницам. Результаты фиксировать в журнале осмотра АХЧ.
780,СЛУЖЕБНАЯ ЗАПИСКА. В отдел маркетинга. От нач. отдела продаж. Прошу подготовить презентационные материалы по новой линейке центробежных насосов для потенциального заказчика. Требуется перевод характеристик на английский язык.
781,"ПРИКАЗ №1660. О запрете использования личных электрообогревателей в производственных помещениях. В целях обеспечения пожарной безопасности, запретить эксплуатацию нештатных приборов. Нарушителей лишать премии."
782,ИСХОДЯЩЕЕ ПИСЬМО. Руководителю ГИБДД. Просим согласовать маршрут перевозки негабаритного груза (редуктор массой 12 тонн) по дорогам общего пользования 25.11. Схема движения и параметры автопоезда прилагаются.
783,СЛУЖЕБНАЯ ЗАПИСКА. Директору по персоналу. От мастера мех. участка. Прошу рассмотреть кандидатуру токаря Петрова С.А. на получение 4-го разряда в связи с успешным освоением обработки нержавеющих сталей на станках с ЧПУ.
784,ПРИКАЗ №1665. Об организации дежурства слесарей-сантехников в выходные дни. Утвердить график дежурств на ноябрь для оперативного устранения возможных порывов в системе отопления. Ответственный — начальник службы эксплуатации.
785,СЛУЖЕБНАЯ ЗАПИСКА. Нач. ОМТС. От нач. склада металлопроката. Срочно требуется закупка 10 литров маркировочной краски (белой и желтой) для нанесения маркировки на заготовки валов перед передачей в мех. цех.
786,ПРИКАЗ №1670. О проведении внутреннего аудита системы охраны труда на сварочном участке. Проверить наличие заземления у сварочных постов и исправность защитных экранов. Срок предоставления отчета — 24.11.
787,"ИСХОДЯЩЕЕ ПИСЬМО. Директору ООО 'СпецТехСервис'. Направляем заявку на проведение периодической поверки контрольно-измерительных приборов (микрометры, штангенциркули) согласно прилагаемому перечню."
788,СЛУЖЕБНАЯ ЗАПИСКА. Нач. ПДО. От мастера участка сборки. Информирую о задержке сборки партии редукторов из-за брака литья (корпус насоса). Прошу скорректировать график отгрузки готовой продукции на 3 рабочих дня.
789,ПРИКАЗ №1675. О введении в эксплуатацию системы контроля доступа на склад ТМЦ. Выдачу материалов производить только по электронным пропускам. Назначить ответственным за базу данных начальника службы безопасности.
790,СЛУЖЕБНАЯ ЗАПИСКА. Главному механику. От механика цеха №5. Требуется замена клиновых ремней на компрессорной установке №2. Наблюдается проскальзывание и потеря производительности. Текущий остаток ремней на складе отсутствует.
791,ПРИКАЗ №1680. О назначении комиссии по проверке состояния вентиляционных систем. Проверить эффективность работы вытяжек в литейном цехе. В случае выявления засоров — произвести чистку силами подрядной организации.
792,"ИСХОДЯЩЕЕ ПИСЬМО. В адрес ООО 'Металл-Поставка'. Направляем претензию по факту поставки ржавого листового проката (марка ст3, 10 мм). Требуем составить акт о некондиционном товаре и заменить партию в полном объеме."
793,СЛУЖЕБНАЯ ЗАПИСКА. Директору по закупкам. От нач. участка термообработки. Прошу закупить 2 тонны технической соли для нужд котельной и участка химводоочистки. Срок поставки — до конца текущей недели.
794,"ПРИКАЗ №1685. О порядке использования корпоративной сотовой связи сотрудниками завода. Утвердить лимиты расходов на связь для ИТР. В случае превышения лимита более чем на 20%, сотрудник обязан предоставить обоснование."
795,СЛУЖЕБНАЯ ЗАПИСКА. Нач. службы охраны труда. От инженера по ТБ. При проверке в цехе №4 выявлено отсутствие защитного кожуха на заточном стационарном станке. Прошу приостановить работу оборудования до устранения нарушения.
796,ПРИКАЗ №1690. О проведении аттестации рабочих мест по условиям труда. Организовать замеры уровня вибрации на участках прессового оборудования цеха №1. Срок исполнения — до 15.12. Ответственный — инж. по ОТ.
797,ИСХОДЯЩЕЕ ПИСЬМО. Руководителю службы логистики АО 'Порт'. Просим уточнить график приема крупногабаритных грузов в декабре. Направляем габаритные чертежи изделий для согласования схемы погрузки на судно.
798,СЛУЖЕБНАЯ ЗАПИСКА. Директору по ИТ. От нач. отдела кадров. Прошу приобрести дополнительный модуль 'Подбор персонала' для системы 1С в целях автоматизации процесса обработки резюме и тестирования кандидатов.
799,"ПРИКАЗ №1695. О дисциплинарном взыскании за нарушение правил охраны труда. За работу на сверлильном станке в перчатках, объявить замечание оператору Петрову И.И. и лишить премии за текущий месяц."
800,СЛУЖЕБНАЯ ЗАПИСКА. Нач. ОМТС. От нач. электроцеха. Срочно требуется закупка 20 светодиодных прожекторов мощностью 50Вт для замены вышедших из строя светильников наружного освещения территории склада.
801,"ПРИКАЗ №1701. О создании комиссии по проверке состояния кровельного покрытия производственных корпусов №1 и №3. В связи с обильными осадками, ПРИКАЗЫВАЮ: 1. Провести осмотр ливневых стоков до 15.11. 2. Главному инженеру подготовить дефектную ведомость."
802,СЛУЖЕБНАЯ ЗАПИСКА. Директору по качеству. От нач. ОТК. Информирую о необходимости приобретения поверочной плиты 1000х630 мм для участка сборки прецизионных узлов. Текущая плита имеет недопустимый износ и неплоскостность.
803,ИСХОДЯЩЕЕ ПИСЬМО №705/12. Руководителю ООО 'Сталь-Комплект'. Уведомляем о нарушении комплектности поставки метизной продукции по накладной №88. Просим произвести допоставку гаек М24 в количестве 500 шт. в кратчайшие сроки.
804,ПРИКАЗ №1705. О назначении ответственных за содержание и эксплуатацию кран-балок в цехе №2. Назначить мастера участка Иванова П.С. ответственным за проведение ежесменного осмотра тросов и крюковых подвесок.
805,СЛУЖЕБНАЯ ЗАПИСКА. Главному конструктору. От нач. производства. При испытаниях изделия 'Вал-45' выявлен повышенный нагрев подшипникового узла. Прошу пересмотреть допуски на посадку внутреннего кольца подшипника.
806,"ПРИКАЗ №1710. О проведении внепланового инструктажа по правилам работы с сосудами под давлением. В связи с заменой ресиверов на компрессорной станции, всем операторам пройти проверку знаний ПБ до 20.11."
807,ИСХОДЯЩЕЕ ПИСЬМО. Директору АО 'Водоканал'. Просим согласовать график промывки заводской канализационной сети и ливневых коллекторов перед наступлением зимнего периода. Работы планируется начать с 25.11.
808,СЛУЖЕБНАЯ ЗАПИСКА. В отдел снабжения. От нач. литейного цеха. Требуется срочная закупка 5 тонн кварцевого песка и 200 кг связующего материала для изготовления литейных форм под срочный заказ АО 'МашЗавод'.
809,"ПРИКАЗ №1715. О введении в действие инструкции по обращению с металлической стружкой. Утвердить порядок раздельного сбора стружки по маркам сталей (легированная, углеродистая). Ответственный — начальник заготовительного участка."
810,СЛУЖЕБНАЯ ЗАПИСКА. Нач. отдела кадров. От нач. цеха №3. Прошу поощрить фрезеровщика Соколова Д.А. за качественное выполнение работы по изготовлению сложной технологической оснастки для нового обрабатывающего центра.
811,ПРИКАЗ №1720. О проведении инвентаризации инструмента на складах подразделений. Создать комиссию для проверки соответствия фактического наличия режущего инструмента данным системы 1С. Срок исполнения — до 15.12.
812,ИСХОДЯЩЕЕ ПИСЬМО. В адрес ТК 'Лидер-Авто'. Направляем претензию по факту нарушения температурного режима при перевозке антикоррозионного состава. Требуем замены товара или компенсации его стоимости.
813,СЛУЖЕБНАЯ ЗАПИСКА. Главному бухгалтеру. От нач. ОМТС. Прошу выделить денежные средства на оплату счета №112 за приобретение 100 литров СОЖ марки Blaser для работы на высокоскоростных станках ЧПУ.
814,"ПРИКАЗ №1725. О порядке выдачи защитных средств (берушей) на участке холодной высадки. В связи с высоким уровнем шума, обеспечить выдачу СИЗ органов слуха всем сотрудникам участка сверх установленных норм."
815,СЛУЖЕБНАЯ ЗАПИСКА. Директору по ИТ. От нач. ПДО. Прошу предоставить права доступа к папке 'Спецификации' ведущему инженеру-плановику Петровой Е.Н. для актуализации данных по расходу материалов на изделия.
816,ПРИКАЗ №1730. О назначении ответственного за исправное состояние систем освещения цеха №1. Назначить старшего электромонтера Волкова С.А. ответственным за замену ламп и исправность аварийных светильников.
817,ИСХОДЯЩЕЕ ПИСЬМО. Руководителю ООО 'Эко-Сервис'. Просим провести замеры освещенности на рабочих местах конструкторского отдела для подтверждения соответствия условий труда санитарным нормам.
818,СЛУЖЕБНАЯ ЗАПИСКА. Нач. ИТ-отдела. От нач. охраны. Требуется установка дополнительного модуля контроля доступа на калитку северных ворот. Прошу включить в план работ по модернизации СКУД на декабрь.
819,"ПРИКАЗ №1735. О премировании за внедрение системы бережливого производства на участке сборки. За сокращение времени межоперационного перемещения деталей, выплатить коллективу премию в размере 10 000 рублей."
820,СЛУЖЕБНАЯ ЗАПИСКА. Нач. службы ГО и ЧС. От мастера малярного цеха. Сообщаю о необходимости перезарядки огнетушителей ОУ-3 в количестве 6 штук. Срок очередной проверки — текущий месяц.
821,ПРИКАЗ №1740. О порядке проведения сварочных работ внутри емкостей и резервуаров. Категорически запретить проведение работ без оформления наряда-допуска и присутствия наблюдающего лица снаружи емкости.
822,ИСХОДЯЩЕЕ ПИСЬМО. Директору завода 'Метиз-Профи'. Просим рассмотреть возможность изготовления партии специальных болтов повышенного класса прочности (12.9) по чертежу 500.01.08. Объем — 1000 единиц.
823,СЛУЖЕБНАЯ ЗАПИСКА. Директору по производству. От гл. энергетика. Информирую о необходимости замены вводного трансформатора в ТП-1. Наблюдается критический перегрев обмоток при пиковых нагрузках цеха.
824,"ПРИКАЗ №1745. О внедрении электронного учета выдачи измерительного инструмента в ОТК. Начиная с 01.12, выдачу приборов фиксировать в базе данных с указанием ФИО сотрудника и даты следующей поверки."
825,СЛУЖЕБНАЯ ЗАПИСКА. Нач. юридического отдела. От менеджера по закупкам. Прошу подготовить проект дополнительного соглашения с ООО 'ПромСталь' о возможности оплаты товара векселями предприятия.
826,ПРИКАЗ №1750. О создании комиссии по проверке состояния фундаментов под прессовым оборудованием. Провести осмотр на предмет появления трещин и просадок после проведения модернизации пресса П6330.
827,ИСХОДЯЩЕЕ ПИСЬМО. В адрес регионального управления МЧС. Направляем обновленный график дежурств добровольной пожарной дружины предприятия на зимний период 2023-2024 гг. Список ответственных прилагается.
828,СЛУЖЕБНАЯ ЗАПИСКА. Главному инженеру. От нач. ремонтного участка. Сообщаю о выходе из строя коробки скоростей станка 1М63 (инв. №22). Требуется закупка запасных шестерен. Срок ремонта — 5 рабочих дней.
829,ПРИКАЗ №1755. О закреплении снегоуборочной техники за службой АХЧ. Закрепить трактор МТЗ-82 за водителем Козловым В.И. Ответственность за наличие ГСМ и техническую исправность возложить на механика гаража.
830,СЛУЖЕБНАЯ ЗАПИСКА. В отдел маркетинга. От нач. отдела продаж. Прошу разработать макет поздравительной открытки для партнеров к Дню машиностроителя и согласовать тираж печати в типографии.
831,ПРИКАЗ №1760. Об усилении контроля за использованием респираторов на участке шлифовки. Мастерам смен обеспечить обязательное ношение СИЗ органов дыхания персоналом в течение всего рабочего времени.
832,"ИСХОДЯЩЕЕ ПИСЬМО. Поставщику подшипников 'Сфера'. Сообщаем о получении партии подшипников 6308 без индивидуальной упаковки. Требуем заменить товар, так как отсутствие упаковки привело к запылению смазки."
833,СЛУЖЕБНАЯ ЗАПИСКА. Нач. ПДО. От нач. заготовительного участка. Информирую о задержке раскроя листа ст.3 (20 мм) из-за неисправности установки плазменной резки. Срок выполнения заказов сдвигается на 2 дня.
834,ПРИКАЗ №1765. О проведении тренировки по действиям при обнаружении утечки газа в котельной. 22.11 в 11:00 провести отработку навыков перекрытия запорной арматуры и эвакуации персонала.
835,СЛУЖЕБНАЯ ЗАПИСКА. Финансовому директору. От нач. ОМТС. Прошу утвердить авансовый платеж в размере 60 000 руб. за поставку партии сварочных электродов МР-3. Текущий запас на складе — на 3 рабочих дня.
836,ПРИКАЗ №1770. О назначении комиссии по проверке состояния переносных лестниц-стремянок в архиве. Проверить исправность фиксаторов и наличие резиновых подпятников. Немаркированные лестницы списать.
837,ИСХОДЯЩЕЕ ПИСЬМО. В администрацию города. Просим выдать разрешение на временное складирование металлолома на площадке за забором завода в связи с проведением реконструкции цеха №4.
838,СЛУЖЕБНАЯ ЗАПИСКА. Главному технологу. От нач. мех. цеха. Предлагаю закупить набор твердосплавных сверл с внутренним охлаждением для обработки глубоких отверстий. Это увеличит производительность в 3 раза.
839,ПРИКАЗ №1775. О награждении сотрудников за участие в спортивных соревнованиях. Выплатить денежные премии участникам заводской команды по волейболу за занятое призовое место в городской спартакиаде.
840,СЛУЖЕБНАЯ ЗАПИСКА. Начальнику охраны. От нач. склада готовой продукции. Прошу разрешить въезд грузового автомобиля (номер В555ВВ) после 19:00 для погрузки срочного заказа на объект заказчика.
841,ПРИКАЗ №1780. О создании рабочей группы по оптимизации складских запасов. Назначить руководителем нач. ПЭО. Цель — выявление неликвидных остатков материалов и подготовка предложений по их реализации.
842,"ИСХОДЯЩЕЕ ПИСЬМО. Директору ООО 'Транс-Сервис'. Просим предоставить расчет стоимости доставки груза (масса 5 тонн, длина 6 метров) по маршруту завод — г. Нижний Новгород на следующей неделе."
843,"СЛУЖЕБНАЯ ЗАПИСКА. В юридический отдел. От отдела сбыта. Прошу подготовить проект договора на оказание услуг по техническому обслуживанию станков, проданных заказчику ООО 'Металл-Пром'."
844,ПРИКАЗ №1785. О порядке выдачи зимней спецодежды сотрудникам инструментального цеха. Начать выдачу теплых костюмов и обуви с 15.11. Контроль за получением СИЗ возложить на мастера участка.
845,СЛУЖЕБНАЯ ЗАПИСКА. Главному механику. От мастера цеха №5. Сообщаю о необходимости замены тормозных накладок на мостовом кране (инв. №12). При работе наблюдается проскальзывание тележки при остановке.
846,ПРИКАЗ №1790. О назначении комиссии по поверке весового оборудования. Сформировать группу для сопровождения государственного поверителя при проверке автомобильных и крановых весов 23.11.
847,ИСХОДЯЩЕЕ ПИСЬМО. Директору АО 'ВторМет'. Сообщаем о готовности к отгрузке 20 тонн стального лома. Просим подать ломовоз к весовой платформе завода 27.11 к 09:00 для погрузочных работ.
848,СЛУЖЕБНАЯ ЗАПИСКА. Директору по ИТ. От нач. бухгалтерии. Прошу настроить в системе 1С автоматическое формирование ведомостей по инвентаризации ОС для ускорения процесса подготовки к годовому отчету.
849,"ПРИКАЗ №1795. О дисциплинарном взыскании за нарушение правил охраны труда. За работу на высоте без использования страховочного пояса, объявить выговор электромонтеру Петрову С.И."
850,СЛУЖЕБНАЯ ЗАПИСКА. Нач. ОМТС. От нач. электроучастка. Срочно требуется закупка 100 метров кабеля ВВГ 3х2.5 для монтажа новой линии освещения на участке сборки. Отсутствие кабеля задерживает работы.
851,"ПРИКАЗ №1801. О создании комиссии по проверке работоспособности тепловых завес в цехах №1-3. В связи с понижением температуры наружного воздуха, ПРИКАЗЫВАЮ: 1. Провести пробный запуск систем до 15.11. 2. Главному энергетику устранить выявленные неисправности."
852,"СЛУЖЕБНАЯ ЗАПИСКА. Директору по качеству. От нач. метрологической службы. Сообщаю о необходимости плановой поверки 15 манометров высокого давления, установленных на гидростанциях прессов. Срок поверки истекает 01.12. Прошу согласовать счет ЦСМ."
853,ИСХОДЯЩЕЕ ПИСЬМО №745/12. Руководителю ООО 'Металл-Инвест'. Уведомляем о несоответствии твердости поставленной партии поковок (ст.40ХН) требованиям чертежа. Просим направить специалиста для проведения совместных замеров на нашем складе.
854,ПРИКАЗ №1805. О назначении ответственных за содержание и эксплуатацию систем вентиляции в цехе №4. Назначить мастера участка Сидорова П.А. ответственным за своевременную очистку пылеулавливающих агрегатов и замену фильтров.
855,СЛУЖЕБНАЯ ЗАПИСКА. Главному конструктору. От нач. производства. В ходе сборки рамы основания выявлено неудобство доступа к регулировочным болтам опор. Прошу рассмотреть возможность изменения конструкции согласно эскизу.
856,"ПРИКАЗ №1810. О проведении внепланового инструктажа по правилам работы с переносным электроинструментом. В связи с зафиксированным случаем работы без защитных кожухов на УШМ, всем мастерам провести проверку наличия защиты до 18.11."
857,ИСХОДЯЩЕЕ ПИСЬМО. Директору АО 'ТеплоСеть'. Просим предоставить акт сверки за потребленную тепловую энергию за октябрь 2023 года и согласовать лимиты потребления на предстоящий отопительный период для производственных корпусов.
858,СЛУЖЕБНАЯ ЗАПИСКА. В отдел снабжения. От нач. инструментального склада. Требуется закупка 500 отрезных кругов диаметром 125 мм и 100 кг ветоши для нужд участка мехобработки. Текущие остатки не обеспечивают работу в следующую смену.
859,ПРИКАЗ №1815. О введении в действие инструкции по технике безопасности при работе на заточных станках. Запретить работу без защитных экранов и использования подручников. Мастерам ознакомить персонал под подпись.
860,"СЛУЖЕБНАЯ ЗАПИСКА. Нач. отдела кадров. От нач. цеха №2. Прошу подготовить приказ о премировании слесаря Иванова В.В. за оперативный ремонт главного привода станка в ночное время, что позволило избежать срыва графика."
861,ПРИКАЗ №1820. О проведении инвентаризации остатков сварочной проволоки и электродов. Создать комиссию для сверки фактических остатков на складах цехов №1 и №3 с данными бухгалтерского учета. Срок предоставления ведомостей — 20.11.
862,ИСХОДЯЩЕЕ ПИСЬМО. В адрес страховой компании 'Макс'. Направляем пакет документов по факту повреждения кровли склада готовой продукции в результате падения дерева. Просим назначить экспертизу для оценки ущерба.
863,"СЛУЖЕБНАЯ ЗАПИСКА. Главному бухгалтеру. От нач. транспортного отдела. Прошу выделить денежные средства на закупку зимней резины для 2-х вилочных погрузчиков, работающих на открытой площадке отгрузки конструкций."
864,ПРИКАЗ №1825. О порядке выдачи защитных очков и масок сотрудникам малярного участка. Обеспечить наличие СИЗ на рабочих местах согласно утвержденным нормам. Мастерам контролировать использование средств защиты.
865,СЛУЖЕБНАЯ ЗАПИСКА. Директору по ИТ. От нач. ПДО. Прошу предоставить удаленный доступ к системе 1С инженеру-плановику Петровой О.А. на период ее нахождения в командировке для оперативной корректировки планов.
866,ПРИКАЗ №1830. О назначении ответственного за исправное состояние систем пожаротушения в электрощитовых. Назначить главного энергетика Соколова И.М. ответственным за проверку модулей газового пожаротушения.
867,ИСХОДЯЩЕЕ ПИСЬМО. Руководителю ООО 'Эко-Мониторинг'. Просим провести замеры концентрации вредных веществ в воздухе рабочей зоны на участке пайки в связи с модернизацией системы местной вытяжной вентиляции.
868,СЛУЖЕБНАЯ ЗАПИСКА. Нач. ИТ-отдела. От нач. охраны. Прошу произвести ремонт системы видеонаблюдения на КПП №3. В темное время суток изображение с камер не позволяет идентифицировать лица проходящих сотрудников.
869,"ПРИКАЗ №1835. О премировании за высокое качество сварных соединений по результатам УЗК. По итогам проверки партии сосудов (заказ №405), дефектов не обнаружено. Премировать сварщиков согласно приложенному списку."
870,"СЛУЖЕБНАЯ ЗАПИСКА. Нач. службы ГО и ЧС. От мастера инструментального участка. Сообщаю о необходимости замены 5 огнетушителей ОУ-5, у которых истек срок эксплуатации. Прошу обеспечить замену до конца недели."
871,"ПРИКАЗ №1840. О порядке проведения огневых работ на высоте. Категорически запретить проведение сварки на высоте более 1.8 м без оформления наряда-допуска, наличия страховочного пояса и огнеупорного полотна."
872,ИСХОДЯЩЕЕ ПИСЬМО. Директору завода 'ПромПрибор'. Просим рассмотреть возможность поставки 10 датчиков уровня жидкости для баков СОЖ. Просим указать сроки поставки и возможность интеграции датчиков в систему.
873,СЛУЖЕБНАЯ ЗАПИСКА. Директору по производству. От гл. механика. Информирую о выходе из строя подшипникового узла на вентиляторе главного пролета. Требуется закупка запасных частей. Срок поставки — 3 рабочих дня.
874,"ПРИКАЗ №1845. О внедрении электронной системы учета выдачи спецодежды. Начиная с 01.12, выдачу СИЗ производить только при предъявлении личного пропуска сотрудника с регистрацией в базе данных отдела кадров."
875,СЛУЖЕБНАЯ ЗАПИСКА. Нач. юридического отдела. От менеджера по закупкам. Прошу проверить юридическую чистоту правоустанавливающих документов нового поставщика инструмента ООО 'Резец' перед подписанием контракта.
876,ПРИКАЗ №1850. О создании комиссии по проверке состояния подкрановых путей мостовых кранов в цехе №1. Провести нивелировку путей и осмотр стыковых соединений. Ответственный — гл. геодезист.
877,ИСХОДЯЩЕЕ ПИСЬМО. В адрес регионального управления Росприроднадзора. Направляем отчет по форме 2-ТП (отходы) за III квартал 2023 года. Нарушений установленных лимитов размещения промышленных отходов не выявлено.
878,СЛУЖЕБНАЯ ЗАПИСКА. Главному инженеру. От нач. участка гидравлики. Сообщаю о протечке масла в гидросистеме листогибочного пресса Amada. Требуется закупка набора уплотнений и 100 литров масла марки Shell Tellus.
879,ПРИКАЗ №1855. О назначении комиссии по проверке санитарного состояния бытовых помещений цехов. Проводить еженедельные осмотры раздевалок и душевых по пятницам. Результаты фиксировать в журнале осмотра.
880,СЛУЖЕБНАЯ ЗАПИСКА. В отдел маркетинга. От нач. отдела продаж. Прошу подготовить презентационные материалы по новой линейке центробежных насосов для потенциального заказчика. Требуется перевод на английский язык.
881,"ПРИКАЗ №1860. О запрете использования личных электрообогревателей в производственных помещениях. В целях обеспечения пожарной безопасности, запретить эксплуатацию нештатных приборов. Нарушителей лишать премии."
882,ИСХОДЯЩЕЕ ПИСЬМО. Руководителю ГИБДД. Просим согласовать маршрут перевозки негабаритного груза (редуктор массой 12 тонн) по дорогам общего пользования 25.11. Схема движения и параметры автопоезда прилагаются.
883,СЛУЖЕБНАЯ ЗАПИСКА. Директору по персоналу. От мастера мех. участка. Прошу рассмотреть кандидатуру токаря Петрова С.А. на получение 4-го разряда в связи с успешным освоением обработки нержавеющих сталей.
884,ПРИКАЗ №1865. Об организации дежурства слесарей-сантехников в выходные дни. Утвердить график дежурств на ноябрь для оперативного устранения возможных порывов в системе отопления. Ответственный — нач. службы эксплуатации.
885,СЛУЖЕБНАЯ ЗАПИСКА. Нач. ОМТС. От нач. склада металлопроката. Срочно требуется закупка 10 литров маркировочной краски (белой и желтой) для нанесения маркировки на заготовки валов перед передачей в мех. цех.
886,ПРИКАЗ №1870. О проведении внутреннего аудита системы охраны труда на сварочном участке. Проверить наличие заземления у сварочных постов и исправность защитных экранов. Срок предоставления отчета — 24.11.
887,"ИСХОДЯЩЕЕ ПИСЬМО. Директору ООО 'СпецТехСервис'. Направляем заявку на проведение периодической поверки контрольно-измерительных приборов (микрометры, штангенциркули) согласно прилагаемому перечню."
888,СЛУЖЕБНАЯ ЗАПИСКА. Нач. ПДО. От мастера участка сборки. Информирую о задержке сборки партии редукторов из-за брака литья (корпус насоса). Прошу скорректировать график отгрузки готовой продукции.
889,ПРИКАЗ №1875. О введении в эксплуатацию системы контроля доступа на склад ТМЦ. Выдачу материалов производить только по электронным пропускам. Назначить ответственным за базу данных начальника службы безопасности.
890,СЛУЖЕБНАЯ ЗАПИСКА. Главному механику. От механика цеха №5. Требуется замена клиновых ремней на компрессорной установке №2. Наблюдается проскальзывание и потеря производительности. На складе ремни отсутствуют.
891,ПРИКАЗ №1880. О назначении комиссии по проверке состояния вентиляционных систем. Проверить эффективность работы вытяжек в литейном цехе. В случае выявления засоров — произвести чистку силами подрядчика.
892,"ИСХОДЯЩЕЕ ПИСЬМО. В адрес ООО 'Металл-Поставка'. Направляем претензию по факту поставки ржавого листового проката (марка ст3, 10 мм). Требуем составить акт о некондиционном товаре и заменить партию."
893,СЛУЖЕБНАЯ ЗАПИСКА. Директору по закупкам. От нач. участка термообработки. Прошу закупить 2 тонны технической соли для нужд котельной и участка химводоочистки. Срок поставки — до конца текущей недели.
894,"ПРИКАЗ №1885. О порядке использования корпоративной сотовой связи сотрудниками завода. Утвердить лимиты расходов на связь для ИТР. В случае превышения лимита более чем на 20%, предоставить обоснование."
895,СЛУЖЕБНАЯ ЗАПИСКА. Нач. службы охраны труда. От инженера по ТБ. При проверке в цехе №4 выявлено отсутствие защитного кожуха на заточном стационарном станке. Прошу приостановить работу оборудования.
896,ПРИКАЗ №1890. О проведении аттестации рабочих мест по условиям труда. Организовать замеры уровня вибрации на участках прессового оборудования цеха №1. Срок исполнения — до 15.12. Ответственный — инж. по ОТ.
897,ИСХОДЯЩЕЕ ПИСЬМО. Руководителю службы логистики АО 'Порт'. Просим уточнить график приема крупногабаритных грузов в декабре. Направляем габаритные чертежи изделий для согласования схемы погрузки.
898,СЛУЖЕБНАЯ ЗАПИСКА. Директору по ИТ. От нач. отдела кадров. Прошу приобрести дополнительный модуль 'Подбор персонала' для системы 1С в целях автоматизации процесса обработки резюме кандидатов.
899,"ПРИКАЗ №1895. О дисциплинарном взыскании за нарушение правил охраны труда. За работу на сверлильном станке в перчатках, объявить замечание оператору Петрову И.И. и лишить премии за текущий месяц."
900,СЛУЖЕБНАЯ ЗАПИСКА. Нач. ОМТС. От нач. электроцеха. Срочно требуется закупка 20 светодиодных прожекторов мощностью 50Вт для замены светильников наружного освещения территории склада.
901,ПРИКАЗ №1901. О создании комиссии по проверке готовности дренажных систем к весеннему паводку. ПРИКАЗЫВАЮ: 1. Провести очистку ливневых стоков на территории завода до 15.11. 2. Главному инженеру обеспечить закупку погружных насосов для откачки воды.
902,СЛУЖЕБНАЯ ЗАПИСКА. Директору по качеству. От нач. ЦЗЛ. Сообщаю о необходимости аттестации разрывной машины МР-200. Текущее свидетельство истекает 01.12. Без аттестации протоколы испытаний образцов металла на растяжение будут недействительны.
903,ИСХОДЯЩЕЕ ПИСЬМО №812/12. Руководителю ООО 'Литейщик'. Направляем акт о выявлении скрытых раковин в партии отливок корпусов (чертеж 45.001) после черновой мехобработки. Требуем замены 5 единиц заготовок в счет будущих поставок.
904,ПРИКАЗ №1905. О назначении ответственных за содержание помещений для хранения опасных отходов. Назначить мастера гальванического участка Петрову А.И. ответственной за учет и своевременную передачу на утилизацию отработанных электролитов.
905,СЛУЖЕБНАЯ ЗАПИСКА. Главному конструктору. От нач. участка ЧПУ. При обработке детали 'Крышка' выявлено необоснованное завышение допуска на шероховатость внутренней поверхности. Прошу упростить требования для снижения времени обработки.
906,"ПРИКАЗ №1910. О проведении внепланового инструктажа по электробезопасности. В связи с выявлением нарушения правил эксплуатации переносных светильников в цехе №2, провести проверку знаний у персонала с I и II группой допуска до 20.11."
907,ИСХОДЯЩЕЕ ПИСЬМО. Директору АО 'ГорЭлектроСеть'. Просим согласовать проведение плановых работ по ревизии вводных ячеек в ТП-5. Работы будут проводиться в выходной день 25.11 с кратковременным отключением потребителей.
908,СЛУЖЕБНАЯ ЗАПИСКА. В отдел снабжения. От нач. склада ГСМ. Требуется закупка 500 литров масла индустриального И-40 для обеспечения нужд гидравлических систем прессового участка. Текущий запас на складе — критический.
909,ПРИКАЗ №1915. О введении в действие регламента контроля качества сварных соединений. Утвердить обязательное проведение 100% УЗК для швов ответственных конструкций (согласно списку). Контроль возложить на лабораторию ОТК.
910,СЛУЖЕБНАЯ ЗАПИСКА. Нач. отдела кадров. От нач. сборочного цеха. Прошу рассмотреть вопрос о присвоении слесарю-сборщику Иванову И.И. 5-го квалификационного разряда в связи с успешным освоением сборки сложных турбинных узлов.
911,"ПРИКАЗ №1920. О проведении инвентаризации комплектующих на складе электрооборудования. Создать комиссию для сверки остатков контроллеров, датчиков и кабельной продукции. Срок предоставления итоговой ведомости — 15.12."
912,ИСХОДЯЩЕЕ ПИСЬМО. В адрес ТК 'ТрансКом'. Направляем претензию по факту нарушения целостности заводской пломбировки на контейнере №4589. Требуем участия вашего представителя при вскрытии и приемке груза по количеству.
913,СЛУЖЕБНАЯ ЗАПИСКА. Главному бухгалтеру. От нач. ОМТС. Прошу выделить денежные средства на закупку 20 кг припоя ПОС-61 и 5 литров флюса для обеспечения работы участка пайки плат управления. Остаток материалов — на 2 дня.
914,"ПРИКАЗ №1925. О порядке выдачи спецодежды для защиты от электродуги. Утвердить список персонала электрослужбы, которому полагается выдача специальных огнестойких комплектов. Выдачу произвести под роспись в карточках."
915,СЛУЖЕБНАЯ ЗАПИСКА. Директору по ИТ. От нач. ПЭО. Прошу предоставить доступ к модулю 'Себестоимость' ведущему экономисту Смирновой О.В. для проведения анализа затрат на производство новой линейки продукции.
916,ПРИКАЗ №1930. О назначении ответственного за исправное состояние газорезательного оборудования. Назначить мастера заготовительного участка Волкова Р.Д. ответственным за проверку редукторов и рукавов газовых постов.
917,ИСХОДЯЩЕЕ ПИСЬМО. Руководителю ООО 'Эко-Профи'. Просим разработать новый проект предельно допустимых выбросов (ПДВ) в атмосферу в связи с выводом из эксплуатации старой котельной и запуском газовых горелок в цехе №1.
918,"СЛУЖЕБНАЯ ЗАПИСКА. Нач. ИТ-отдела. От нач. охраны. Требуется замена блока питания в сервере СКУД. В последнее время наблюдаются самопроизвольные перезагрузки системы, что приводит к блокировке турникетов на проходной."
919,"ПРИКАЗ №1935. О премировании за снижение затрат на инструмент. По результатам экспериментального применения фрез отечественного производства, достигнута экономия бюджета в 15%. Выплатить премию технологу Белову А.М."
920,СЛУЖЕБНАЯ ЗАПИСКА. Нач. службы ГО и ЧС. От нач. склада металлов. Сообщаю о необходимости проверки исправности гидрантов на прилегающей к складу территории. При последней проверке выявлено затрудненное открытие вентилей.
921,ПРИКАЗ №1940. О порядке проведения огневых работ на крышах производственных зданий. Категорически запретить использование открытого пламени без наличия на месте работ двух углекислотных огнетушителей и ведра с водой.
922,ИСХОДЯЩЕЕ ПИСЬМО. Директору завода 'ПромОснастка'. Просим рассмотреть возможность изготовления по нашему ТЗ комплекта штамповой оснастки для производства деталей 'Скоба'. Срок поставки должен быть не позднее февраля.
923,СЛУЖЕБНАЯ ЗАПИСКА. Директору по производству. От гл. механика. Информирую о завершении капитального ремонта токарного станка 16К20 (инв. №56). Оборудование готово к приемке комиссией и вводу в эксплуатацию.
924,ПРИКАЗ №1945. О внедрении системы контроля расхода ГСМ на автотранспорте завода. Утвердить нормы расхода топлива на зимний период для всех типов техники. Водителям ежедневно фиксировать остатки в путевых листах.
925,СЛУЖЕБНАЯ ЗАПИСКА. Нач. юридического отдела. От нач. отдела продаж. Прошу проверить правомерность выставления штрафных санкций со стороны АО 'Заказчик' в связи с задержкой поставки из-за сбоя на таможне.
926,ПРИКАЗ №1950. О создании комиссии по проверке состояния лестничных маршей и площадок обслуживания кран-балок. Проверить надежность крепления перил и отсутствие скользких поверхностей. Срок исполнения — до 30.11.
927,ИСХОДЯЩЕЕ ПИСЬМО. В адрес регионального управления Росприроднадзора. Направляем расчет платы за негативное воздействие на окружающую среду за III квартал 2023 года. Копия платежного поручения прилагается.
928,СЛУЖЕБНАЯ ЗАПИСКА. Главному инженеру. От нач. мех. цеха. Сообщаю о выходе из строя системы охлаждения обрабатывающего центра. Наблюдается перегрев электроники. Требуется закупка новых вентиляторов и чистка радиаторов.
929,ПРИКАЗ №1955. О закреплении трактора с отвалом за хозяйственной службой предприятия. Назначить ответственным за эксплуатацию водителя Семенова П.А. Обеспечить круглосуточную готовность техники к уборке снега.
930,"СЛУЖЕБНАЯ ЗАПИСКА. В отдел маркетинга. От нач. отдела сбыта. Прошу подготовить сувенирную продукцию с логотипом завода (календари, ручки) для поздравления ключевых заказчиков с наступающими новогодними праздниками."
931,ПРИКАЗ №1960. Об усилении контроля за использованием СИЗ органов дыхания на участке абразивной очистки. Мастерам смен обеспечить 100% ношение масок персоналом. За нарушение требований ТБ лишать премии на 50%.
932,"ИСХОДЯЩЕЕ ПИСЬМО. Поставщику метизов 'Болт-М'. Требуем заменить партию высокопрочных болтов М20 по причине отсутствия маркировки класса прочности на головках, что является нарушением условий спецификации к договору."
933,"СЛУЖЕБНАЯ ЗАПИСКА. Нач. ПДО. От мастера мех. участка. Довожу до сведения, что из-за аварийного отключения электроэнергии 12.11 была повреждена дорогостоящая фреза. Прошу составить акт для списания инструмента."
934,ПРИКАЗ №1965. О проведении тренировки по действиям при пожаре в административном здании. 28.11 в 10:00 провести эвакуацию персонала. Ответственным за координацию действий назначить начальника охраны завода.
935,СЛУЖЕБНАЯ ЗАПИСКА. Финансовому директору. От нач. ОМТС. Прошу утвердить счет на покупку 200 литров концентрата СОЖ. Использование текущего запаса завершится через 5 рабочих дней. Промедление приведет к простою станков.
936,ПРИКАЗ №1970. О назначении комиссии по проверке состояния бытовок в цехе №4. Проверить температурный режим и работу вытяжной вентиляции в раздевалках. Составить план устранения замечаний до конца недели.
937,"ИСХОДЯЩЕЕ ПИСЬМО. В администрацию города. Просим выдать разрешение на проведение работ по благоустройству прилегающей к заво производственной территории (посадка деревьев, установка ограждения) в весенний период следующего года."
938,СЛУЖЕБНАЯ ЗАПИСКА. Главному технологу. От нач. инструментального цеха. Предлагаю закупить измерительную систему Blum для автоматической привязки инструмента на станках ЧПУ. Это сократит время наладки на 20%.
939,ПРИКАЗ №1975. О поощрении ветеранов завода к юбилею предприятия. Выплатить единовременное денежное вознаграждение сотрудникам со стажем работы более 30 лет согласно списку. Ответственный — нач. отдела кадров.
940,СЛУЖЕБНАЯ ЗАПИСКА. Начальнику охраны. От нач. склада готовой продукции. Прошу разрешить выезд автомобиля КАМАЗ (номер В999ВВ) 15.11 в 06:00 для доставки крупногабаритного груза на объект заказчика в г. Уфа.
941,ПРИКАЗ №1980. О создании рабочей группы по внедрению системы управления качеством ISO 9001. Назначить руководителем группы директора по качеству. Провести аудит текущих бизнес-процессов до конца года.
942,ИСХОДЯЩЕЕ ПИСЬМО. Директору ООО 'Транс-Логистик'. Просим предоставить информацию о тарифах на контейнерные перевозки продукции завода в направлении стран СНГ на первый квартал следующего года.
943,СЛУЖЕБНАЯ ЗАПИСКА. В юридический отдел. От отдела снабжения. Прошу подготовить проект претензии к поставщику кабеля ООО 'ЭнергоСнаб' в связи с несоответствием сечения жил заявленным в паспорте параметрам.
944,ПРИКАЗ №1985. О порядке выдачи зимней спецодежды сотрудникам службы логистики. Начать выдачу утепленных жилетов и перчаток персоналу складов открытого хранения. Выдачу производить под роспись в ведомостях.
945,СЛУЖЕБНАЯ ЗАПИСКА. Главному механику. От мастера участка шлифовки. Сообщаю о повышенном люфте в шпиндельном узле станка мод. 3Г71. Прошу направить специалиста для проведения диагностики и возможного ремонта.
946,"ПРИКАЗ №1990. О назначении комиссии по проверке состояния грузозахватных приспособлений. Провести осмотр строп, цепей и траверс во всех цехах. Немаркированные и изношенные изделия изъять и передать в утиль."
947,ИСХОДЯЩЕЕ ПИСЬМО. Директору АО 'ВторЧерМет'. Сообщаем о накоплении на складе 30 тонн стальной стружки. Просим направить спецтранспорт для вывоза металлолома 20.11. Погрузка нашими силами обеспечена.
948,СЛУЖЕБНАЯ ЗАПИСКА. Директору по ИТ. От нач. бухгалтерии. Прошу настроить в системе 1С автоматическое уведомление о приближении срока окончания доверенностей на получение ТМЦ для всех МОЛ предприятия.
949,"ПРИКАЗ №1995. О дисциплинарном взыскании за нарушение правил промышленной безопасности. За работу без использования защитных очков на заточном станке, объявить замечание рабочему Кузнецову А.С."
950,СЛУЖЕБНАЯ ЗАПИСКА. Нач. ОМТС. От нач. электроцеха. Срочно требуется закупка 50 штук автоматических выключателей на 16А для замены вышедших из строя приборов в щитах освещения бытовых помещений цеха №3.
951,"ПРИКАЗ №2001. О проведении ежегодной инвентаризации основных средств и ТМЦ. В целях подготовки к годовому бухгалтерскому отчету, ПРИКАЗЫВАЮ: 1. Создать центральную комиссию под председательством гл. бухгалтера. 2. Срок окончания работ — 20.12.2023."
952,СЛУЖЕБНАЯ ЗАПИСКА. Директору по качеству. От нач. метрологической службы. Сообщаю о необходимости закупки набора щупов и радиусных шаблонов для нужд ОТК сборочного цеха. Действующий инструмент не прошел периодическую калибровку по причине износа.
953,"ИСХОДЯЩЕЕ ПИСЬМО №901/12. Руководителю ООО 'Металл-Трейд'. Просим предоставить уточненные цены на листовой прокат (ст3сп, 10-20 мм) на первый квартал следующего года для формирования производственного плана и бюджета закупок."
954,ПРИКАЗ №2005. О назначении ответственных за пожарную безопасность в период новогодних праздников. Утвердить график дежурств ответственных лиц по цехам. Запретить использование пиротехники и открытого огня на всей территории завода.
955,СЛУЖЕБНАЯ ЗАПИСКА. Главному конструктору. От нач. КБ. Прошу согласовать замену крепежных изделий с оцинкованных на нержавеющие в узлах крепления внешних панелей агреда А-500 для повышения коррозионной стойкости в условиях влажного климата.
956,"ПРИКАЗ №2010. О проведении внепланового инструктажа по правилам работы с ГПМ. В связи с вводом в эксплуатацию нового мостового крана в цехе №6, всем крановщикам и стропальщикам пройти ознакомление с особенностями управления до 15.12."
957,ИСХОДЯЩЕЕ ПИСЬМО. Директору АО 'ЭнергоСбыт'. Направляем уточненную заявку на лимиты потребления электроэнергии на следующий год с учетом запуска второй очереди литейного участка и модернизации компрессорной станции.
958,СЛУЖЕБНАЯ ЗАПИСКА. В отдел снабжения. От нач. АХО. Требуется закупка 100 кг противогололедного реагента и 20 снеговых лопат для очистки пешеходных дорожек и площадок перед входами в производственные корпуса.
959,ПРИКАЗ №2015. О введении в эксплуатацию системы мониторинга работы станков 'Диспетчер'. Ответственность за корректный ввод данных о причинах простоев возложить на мастеров смен. Отчеты о загрузке оборудования предоставлять еженедельно.
960,СЛУЖЕБНАЯ ЗАПИСКА. Нач. отдела кадров. От нач. цеха №5. Прошу начислить премию слесарю-сборщику Смирнову А.П. за наставничество над группой студентов-практикантов в период с 01.11 по 30.11 в размере 20% от оклада.
961,ПРИКАЗ №2020. О проведении технического аудита систем вентиляции и аспирации. Проверить эффективность работы вытяжек на участках сварки и зачистки литья. Результаты замеров скорости потока воздуха предоставить гл. инженеру до 10.12.
962,ИСХОДЯЩЕЕ ПИСЬМО. В адрес страховой компании 'Альянс'. Направляем уведомление о завершении восстановительного ремонта автомобиля КАМАЗ (гос. номер В123ВВ) после ДТП. Просим произвести окончательный расчет с СТО.
963,СЛУЖЕБНАЯ ЗАПИСКА. Главному бухгалтеру. От нач. ОМТС. Прошу выделить денежные средства на оплату счета №456 за закупку 500 кг электродов LB-52U. Данные материалы необходимы для сварки ответственных стыков газопровода.
964,"ПРИКАЗ №2025. О порядке выдачи теплой спецодежды сотрудникам охраны. В связи с наступлением стабильно отрицательных температур, выдать постовым утепленные куртки, брюки и валенки согласно утвержденным нормам."
965,СЛУЖЕБНАЯ ЗАПИСКА. Директору по ИТ. От нач. ПДО. Прошу приобрести и установить дополнительный модуль 'Учет мерительного инструмента' для системы 1С в целях автоматизации контроля сроков поверки приборов.
966,ПРИКАЗ №2030. О назначении ответственного за исправное состояние систем пожарного водопровода. Назначить начальника службы эксплуатации зданий Иванова В.Г. ответственным за проверку гидрантов и перекатку рукавов.
967,"ИСХОДЯЩЕЕ ПИСЬМО. Руководителю ООО 'Эко-Технологии'. Просим предоставить проект договора на вывоз и утилизацию промышленных отходов (отработанная ветошь, фильтры) на следующий календарный год."
968,СЛУЖЕБНАЯ ЗАПИСКА. Нач. ИТ-отдела. От нач. службы безопасности. Требуется модернизация системы видеонаблюдения в пролете №3. Необходимо установить 2 дополнительные IP-камеры для исключения 'слепых зон' в местах хранения цветных металлов.
969,"ПРИКАЗ №2035. О премировании за рационализаторское предложение по модернизации захватов крана. Выплатить вознаграждение инженеру-механику Петрову Д.С. за разработку устройства, сократившего время строповки деталей на 30%."
970,"СЛУЖЕБНАЯ ЗАПИСКА. Нач. службы ГО и ЧС. От нач. склада ГСМ. Сообщаю о необходимости перезарядки модулей порошкового пожаротушения 'Буран', установленных в помещении насосной станции. Срок эксплуатации истекает в декабре."
971,"ПРИКАЗ №2040. О порядке проведения сварочных работ в замкнутых пространствах. Запретить выполнение работ без оформления наряда-допуска, принудительной вентиляции и постоянного дежурства страхующего сотрудника снаружи."
972,ИСХОДЯЩЕЕ ПИСЬМО. Директору завода 'ПромМашСервис'. Просим направить инженера-наладчика для проведения шеф-монтажа и обучения персонала работе на новом листогибочном прессе. Дату прибытия просим согласовать до 15.12.
973,СЛУЖЕБНАЯ ЗАПИСКА. Директору по производству. От гл. механика. Информирую о поломке гидростанции станка 1512. Наблюдается утечка масла из-под уплотнения главного насоса. Требуется закупка ремкомплекта.
974,ПРИКАЗ №2045. О внедрении электронного журнала учета инструктажей по ТБ. С 01.01.2024 всем мастерам цехов фиксировать проведение повторных и внеплановых инструктажей в корпоративной информационной системе.
975,СЛУЖЕБНАЯ ЗАПИСКА. Нач. юридического отдела. От менеджера по закупкам. Прошу проверить протокол разногласий к договору с ООО 'ТехноСнаб' в части ответственности сторон за нарушение сроков поставки комплектующих.
976,ПРИКАЗ №2050. О создании комиссии по проверке состояния подкрановых балок в цехе №3. Провести визуальный осмотр узлов крепления рельсов к балкам на предмет ослабления болтовых соединений. Срок исполнения — 25.12.
977,"ИСХОДЯЩЕЕ ПИСЬМО. В адрес управления Росприроднадзора. Направляем ежегодный отчет об образовании, использовании, обезвреживании и размещении отходов (форма 2-ТП) за текущий год. Нарушений лимитов не зафиксировано."
978,СЛУЖЕБНАЯ ЗАПИСКА. Главному инженеру. От нач. участка вентиляции. Сообщаю о критическом износе гибких вставок на вентиляционных установках малярного цеха. Требуется замена 10 единиц изделий до конца месяца.
979,ПРИКАЗ №2055. О назначении комиссии по проверке санитарного состояния бытовых помещений. Еженедельно по пятницам проводить осмотр душевых и раздевалок всех подразделений завода. Ответственный — нач. службы АХЧ.
980,СЛУЖЕБНАЯ ЗАПИСКА. В отдел маркетинга. От нач. отдела сбыта. Прошу подготовить обновленный прайс-лист на продукцию завода с учетом изменения стоимости сырья и логистических затрат на следующий квартал.
981,ПРИКАЗ №2060. О запрете парковки личных автомобилей на территории предприятия вне специально отведенных мест. С 01.12 автомобили нарушителей будут блокироваться на въезде. Начальнику охраны обеспечить контроль.
982,ИСХОДЯЩЕЕ ПИСЬМО. Руководителю ГИБДД района. Просим согласовать временную схему проезда тяжеловесного транспорта к северным воротам завода на период ремонта дорожного полотна по ул. Заводская.
983,СЛУЖЕБНАЯ ЗАПИСКА. Директору по персоналу. От мастера мех. участка. Прошу рассмотреть кандидатуру токаря Васильева А.В. на присвоение 6-го разряда в связи с выполнением работ повышенной сложности на уникальном оборудовании.
984,ПРИКАЗ №2065. Об организации дежурства электриков и сантехников в период новогодних каникул. Утвердить график выхода персонала с 31.12 по 08.01 для обеспечения бесперебойного тепло- и энергоснабжения зданий.
985,СЛУЖЕБНАЯ ЗАПИСКА. Нач. ОМТС. От нач. склада подшипников. Срочно требуется закупка 20 литров консервационной смазки (солидол) для обработки запасных частей перед длительным хранением в неотапливаемом складе.
986,ПРИКАЗ №2070. О проведении внутреннего аудита системы менеджмента качества в проектном отделе. Проверить соблюдение процедур нормоконтроля чертежей и ведения архива документации. Срок отчета — 20.12.
987,"ИСХОДЯЩЕЕ ПИСЬМО. Директору ООО 'СпецТехСервис'. Направляем заявку на проведение периодической поверки контрольно-измерительных приборов (манометры, термопары) согласно приложенному графику на следующий год."
988,"СЛУЖЕБНАЯ ЗАПИСКА. Нач. ПДО. От мастера сборочного участка. Довожу до сведения, что из-за задержки поставки комплектующих (подшипники) от ООО 'Сфера', срок отгрузки заказа №556 переносится на 2 рабочих дня."
989,ПРИКАЗ №2075. О введении в эксплуатацию системы контроля доступа на территотуру инструментального склада. Выдачу инструмента производить только по электронным картам сотрудников мех. цеха.
990,СЛУЖЕБНАЯ ЗАПИСКА. Главному механику. От механика цеха №1. Требуется замена подшипников в главном приводе вертикально-фрезерного станка (инв. №112). Наблюдается посторонний шум и вибрация при работе шпинделя.
991,ПРИКАЗ №2080. О назначении комиссии по проверке состояния лестниц и стремянок. Провести плановые испытания переносного лестничного оборудования статическим грузом. Неисправный инвентарь изъять и утилизировать.
992,"ИСХОДЯЩЕЕ ПИСЬМО. В адрес ООО 'Сталь-Поставка'. Направляем претензию по факту поставки ржавого листового проката (марка ст3, 10 мм). Требуем составить акт о некондиционном товаре и заменить партию в полном объеме."
993,СЛУЖЕБНАЯ ЗАПИСКА. Директору по закупкам. От нач. участка термообработки. Прошу закупить 5 тонн закалочного масла. Текущий объем в баках не обеспечивает полное погружение крупногабаритных деталей при закалке.
994,"ПРИКАЗ №2085. О порядке использования корпоративной сотовой связи руководителями подразделений. Утвердить лимиты расходов на связь. В случае превышения лимита более чем на 20%, сумма удерживается из зарплаты."
995,СЛУЖЕБНАЯ ЗАПИСКА. Нач. службы охраны труда. От инженера по ТБ. При проверке в цехе №4 выявлено отсутствие защитного кожуха на заточном стационарном станке. Прошу приостановить работу оборудования до устранения.
996,ПРИКАЗ №2090. О проведении аттестации рабочих мест по условиям труда на новом участке ЧПУ. Организовать замеры уровня вибрации и освещенности. Срок исполнения — до 25.12. Ответственный — инж. по ОТ.
997,ИСХОДЯЩЕЕ ПИСЬМО. Руководителю службы логистики АО 'Порт'. Просим уточнить график приема крупногабаритных грузов в декабре и январе. Направляем чертежи упаковки изделия 'Рама' для согласования схемы погрузки.
998,СЛУЖЕБНАЯ ЗАПИСКА. Директору по ИТ. От нач. отдела кадров. Прошу приобрести дополнительную лицензию на ПО '1С:Зарплата и кадры' в связи с увеличением штата сотрудников расчетной группы бухгалтерии.
999,"ПРИКАЗ №2095. О дисциплинарном взыскании за нарушение правил охраны труда. За работу на сверлильном станке в перчатках, объявить замечание оператору Петрову И.И. и лишить премии за текущий месяц."
1000,СЛУЖЕБНАЯ ЗАПИСКА. Нач. ОМТС. От нач. электроцеха. Срочно требуется закупка 100 метров кабеля ВВГ 3х2.5 для монтажа дополнительного освещения на участке сборки. Отсутствие кабеля задерживает работы.
